created_utc,score,domain,id,title,ups,downs,num_comments,permalink,selftext,link_flair_text,over_18,thumbnail,subreddit_id,edited,link_flair_css_class,author_flair_css_class,is_self,name,url,distinguished
1375415826.0,289,i.imgur.com,1jjl59,Pfff..wow,315,26,5,http://www.reddit.com/r/SkinnyWithAbs/comments/1jjl59/pfffwow/,,,False,http://d.thumbs.redditmedia.com/s5oNrZ-_ezetrQ4c.jpg,t5_2vik5,False,,,False,t3_1jjl59,http://i.imgur.com/PZYAxXv.jpg,
1368375140.0,246,i.imgur.com,1e6scl,Wow from r/realgirls,267,21,8,http://www.reddit.com/r/SkinnyWithAbs/comments/1e6scl/wow_from_rrealgirls/,,,False,http://e.thumbs.redditmedia.com/Bb3-gj9vIJcvjevL.jpg,t5_2vik5,False,,,False,t3_1e6scl,http://i.imgur.com/l0JaQFj.jpg,
1373344491.0,246,i.imgur.com,1hwyou,Beach Defense,273,27,5,http://www.reddit.com/r/SkinnyWithAbs/comments/1hwyou/beach_defense/,,,False,http://a.thumbs.redditmedia.com/hj2e46NDfWAC58bT.jpg,t5_2vik5,False,,,False,t3_1hwyou,http://i.imgur.com/Mpk8eOK.jpg,
1375248580.0,228,i.imgur.com,1jejqe,Damn!,253,25,4,http://www.reddit.com/r/SkinnyWithAbs/comments/1jejqe/damn/,,,False,http://e.thumbs.redditmedia.com/GeUkerpixNWe2Cfv.jpg,t5_2vik5,False,,,False,t3_1jejqe,http://i.imgur.com/KB0ZQTC.jpg,
1367131441.0,212,i.imgur.com,1d9f0z,Skinny with big breasts,247,35,4,http://www.reddit.com/r/SkinnyWithAbs/comments/1d9f0z/skinny_with_big_breasts/,,,True,nsfw,t5_2vik5,False,,,False,t3_1d9f0z,http://i.imgur.com/mPczdZj.jpg,
1362111559.0,211,i.imgur.com,19fzn7,Getting undressed,236,25,1,http://www.reddit.com/r/SkinnyWithAbs/comments/19fzn7/getting_undressed/,,,True,nsfw,t5_2vik5,False,,,False,t3_19fzn7,http://i.imgur.com/7vFhwMC.jpg,
1360853826.0,205,i.imgur.com,18il5c,Nice job covering up. ,235,30,3,http://www.reddit.com/r/SkinnyWithAbs/comments/18il5c/nice_job_covering_up/,,,False,http://c.thumbs.redditmedia.com/Hl0PMk2k29bE6wa2.jpg,t5_2vik5,False,,,False,t3_18il5c,http://i.imgur.com/7OEFV6y.jpg,
1370349562.0,203,i.imgur.com,1fnc3e,x-post from /r/realgirls,213,10,3,http://www.reddit.com/r/SkinnyWithAbs/comments/1fnc3e/xpost_from_rrealgirls/,,,False,http://a.thumbs.redditmedia.com/wJGqLU5mb1F-ksf0.jpg,t5_2vik5,False,,,False,t3_1fnc3e,http://i.imgur.com/GydVCK7.jpg,
1368897918.0,192,i.imgur.com,1el2f6,X post from r/thongs,216,24,2,http://www.reddit.com/r/SkinnyWithAbs/comments/1el2f6/x_post_from_rthongs/,,,False,http://f.thumbs.redditmedia.com/FZw94-rl9CgJs7uq.jpg,t5_2vik5,False,,,False,t3_1el2f6,http://i.imgur.com/4rx29tJ.jpg,
1367791866.0,188,i.imgur.com,1dr66u,Pair of great topless abs I felt compelled to share,221,33,1,http://www.reddit.com/r/SkinnyWithAbs/comments/1dr66u/pair_of_great_topless_abs_i_felt_compelled_to/,,,True,nsfw,t5_2vik5,False,,,False,t3_1dr66u,http://i.imgur.com/BDGA8mp.jpg,
1367576840.0,186,i.imgur.com,1dm1a7,Slender runner,208,22,4,http://www.reddit.com/r/SkinnyWithAbs/comments/1dm1a7/slender_runner/,,,False,http://e.thumbs.redditmedia.com/DKzmzodudT-KH0v4.jpg,t5_2vik5,False,,,False,t3_1dm1a7,http://i.imgur.com/fewL7IN.png,
1376428359.0,165,i.imgur.com,1kazb7,Nikkala Stott,188,23,3,http://www.reddit.com/r/SkinnyWithAbs/comments/1kazb7/nikkala_stott/,,,True,nsfw,t5_2vik5,False,,,False,t3_1kazb7,http://i.imgur.com/5xIi2lW.jpg,
1374779220.0,169,i.imgur.com,1j1nwp,Vintage,198,29,4,http://www.reddit.com/r/SkinnyWithAbs/comments/1j1nwp/vintage/,,,True,nsfw,t5_2vik5,False,,,False,t3_1j1nwp,http://i.imgur.com/SxJi7pA.jpg,
1376075566.0,167,i.imgur.com,1k1l5z,Stephanie Davis,181,14,1,http://www.reddit.com/r/SkinnyWithAbs/comments/1k1l5z/stephanie_davis/,,,False,http://b.thumbs.redditmedia.com/NW6Or0A5vB6j4ZOs.jpg,t5_2vik5,False,,,False,t3_1k1l5z,http://i.imgur.com/cAnImb2.jpg,
1375379921.0,164,i.imgur.com,1jib9h,"Her ""almost there"" pic",182,18,3,http://www.reddit.com/r/SkinnyWithAbs/comments/1jib9h/her_almost_there_pic/,,,False,http://b.thumbs.redditmedia.com/3ntukXlQd36F4KuC.jpg,t5_2vik5,False,,,False,t3_1jib9h,http://i.imgur.com/qcL6w45.jpg,
1366571447.0,164,i.imgur.com,1ctbj4,Nikkala,181,17,3,http://www.reddit.com/r/SkinnyWithAbs/comments/1ctbj4/nikkala/,,,True,nsfw,t5_2vik5,False,,,False,t3_1ctbj4,http://i.imgur.com/6VRR6nA.jpg,
1360957733.0,164,i.imgur.com,18lhzk,Just plain nice,185,21,1,http://www.reddit.com/r/SkinnyWithAbs/comments/18lhzk/just_plain_nice/,,,False,http://b.thumbs.redditmedia.com/SGet_opLrJI-dL0g.jpg,t5_2vik5,False,,,False,t3_18lhzk,http://i.imgur.com/OP92qiB.jpg,
1374433607.0,161,i.imgur.com,1iri2r,Andrea Wisbech,179,18,2,http://www.reddit.com/r/SkinnyWithAbs/comments/1iri2r/andrea_wisbech/,,,False,http://d.thumbs.redditmedia.com/1DyM77J7u4jzRfSc.jpg,t5_2vik5,False,,,False,t3_1iri2r,http://i.imgur.com/SbnnA06.jpg,
1374690351.0,160,i.imgur.com,1iyzyp,Tanned &amp; toned,174,14,3,http://www.reddit.com/r/SkinnyWithAbs/comments/1iyzyp/tanned_toned/,,,False,http://b.thumbs.redditmedia.com/3BhGSO_p7rNMjVv7.jpg,t5_2vik5,False,,,False,t3_1iyzyp,http://i.imgur.com/qv84NYL.jpg,
1373246042.0,161,i.imgur.com,1hu1yy,Alexandra Markina,184,23,3,http://www.reddit.com/r/SkinnyWithAbs/comments/1hu1yy/alexandra_markina/,,,True,nsfw,t5_2vik5,False,,,False,t3_1hu1yy,http://i.imgur.com/Uh7klHT.jpg,
1370700542.0,161,imgur.com,1fxcmm,Perfect and Laughing,175,14,2,http://www.reddit.com/r/SkinnyWithAbs/comments/1fxcmm/perfect_and_laughing/,,,True,nsfw,t5_2vik5,False,,,False,t3_1fxcmm,http://imgur.com/2iFq16K,
1362899639.0,158,imgur.com,1a0jgt,Stumbled on this on Instagram.,175,17,2,http://www.reddit.com/r/SkinnyWithAbs/comments/1a0jgt/stumbled_on_this_on_instagram/,,,False,http://b.thumbs.redditmedia.com/nDc_4Mm_Heo54ntm.jpg,t5_2vik5,False,,,False,t3_1a0jgt,http://imgur.com/fRVfZsS,
1376354520.0,159,i.imgur.com,1k8udv,Flora - Sweet Vibrations,183,24,7,http://www.reddit.com/r/SkinnyWithAbs/comments/1k8udv/flora_sweet_vibrations/,,,True,nsfw,t5_2vik5,False,,,False,t3_1k8udv,http://i.imgur.com/FOvBlU4.gif,
1374507671.0,155,imgur.com,1itfo6,Stephanie Davis,171,16,0,http://www.reddit.com/r/SkinnyWithAbs/comments/1itfo6/stephanie_davis/,,,False,http://f.thumbs.redditmedia.com/7qnTUQ6lBGMIFx6q.jpg,t5_2vik5,False,,,False,t3_1itfo6,http://imgur.com/PRLJpPb,
1370669605.0,156,sphotos-b.xx.fbcdn.net,1fwvpp,Super Girl,173,17,2,http://www.reddit.com/r/SkinnyWithAbs/comments/1fwvpp/super_girl/,,,False,http://e.thumbs.redditmedia.com/Gp4ALb3BcaFHskUL.jpg,t5_2vik5,False,,,False,t3_1fwvpp,https://sphotos-b.xx.fbcdn.net/hphotos-ash3/533627_203337013135497_1287809705_n.jpg,
1361280725.0,155,i.imgur.com,18tej5,The thighs really pull this one to a 10 for me.,173,18,4,http://www.reddit.com/r/SkinnyWithAbs/comments/18tej5/the_thighs_really_pull_this_one_to_a_10_for_me/,,,False,http://c.thumbs.redditmedia.com/X2BTwXhcY0BMbRSt.jpg,t5_2vik5,False,,,False,t3_18tej5,http://i.imgur.com/CRj2fSFl.jpg,
1367737745.0,151,i.imgur.com,1dq0jb,Blonde Boulderer,168,17,2,http://www.reddit.com/r/SkinnyWithAbs/comments/1dq0jb/blonde_boulderer/,,,False,http://f.thumbs.redditmedia.com/nsggQz-cKTBWnKy5.jpg,t5_2vik5,False,,,False,t3_1dq0jb,http://i.imgur.com/c4ckLYw.png,
1371913905.0,150,i.imgur.com,1guwbt,Fit Asian (xpost /r/AsianCuties),173,23,3,http://www.reddit.com/r/SkinnyWithAbs/comments/1guwbt/fit_asian_xpost_rasiancuties/,,,False,http://d.thumbs.redditmedia.com/wFYq3O_wBbFO9B0K.jpg,t5_2vik5,False,,,False,t3_1guwbt,http://i.imgur.com/0C4WuHY.jpg,
1368914820.0,153,i.imgur.com,1elk4t,"Camera-face, underboobs",163,10,2,http://www.reddit.com/r/SkinnyWithAbs/comments/1elk4t/cameraface_underboobs/,,,False,http://a.thumbs.redditmedia.com/MheI-xHS8G2gb4jr.jpg,t5_2vik5,False,,,False,t3_1elk4t,http://i.imgur.com/2ZveKOH.jpg,
1361461885.0,152,i.imgur.com,18yimf,Nice and fit,170,18,4,http://www.reddit.com/r/SkinnyWithAbs/comments/18yimf/nice_and_fit/,,,True,nsfw,t5_2vik5,False,,,False,t3_18yimf,http://i.imgur.com/iX138ch.jpg,
1372803175.0,147,pingping.fantasti.cc,1hiz1z,SkinnyWithAbs. (nsfw),190,43,18,http://www.reddit.com/r/SkinnyWithAbs/comments/1hiz1z/skinnywithabs_nsfw/,,,True,nsfw,t5_2vik5,False,,,False,t3_1hiz1z,http://pingping.fantasti.cc/big/m/i/s/missionto6pack/missionto6pack_d2b7ec.jpg,
1366697079.0,142,i.imgur.com,1cx574,"Golden phone, golden abs",169,27,0,http://www.reddit.com/r/SkinnyWithAbs/comments/1cx574/golden_phone_golden_abs/,,,False,http://c.thumbs.redditmedia.com/GQPSb_VL2m4jkilb.jpg,t5_2vik5,False,,,False,t3_1cx574,http://i.imgur.com/bkCTVkk.jpg,
1363475028.0,143,i.imgur.com,1afmr0,topless pool girl,160,17,0,http://www.reddit.com/r/SkinnyWithAbs/comments/1afmr0/topless_pool_girl/,,,True,nsfw,t5_2vik5,False,,,False,t3_1afmr0,http://i.imgur.com/HKUwf.jpg,
1364310937.0,141,i.imgur.com,1b1mci,mirror shot with abs and quads,159,18,4,http://www.reddit.com/r/SkinnyWithAbs/comments/1b1mci/mirror_shot_with_abs_and_quads/,,,False,http://a.thumbs.redditmedia.com/mpcE-y0qgoAINPH0.jpg,t5_2vik5,False,,,False,t3_1b1mci,http://i.imgur.com/lGd7unt.jpg,
1376021996.0,140,imgur.com,1k08z7,wow,157,17,5,http://www.reddit.com/r/SkinnyWithAbs/comments/1k08z7/wow/,,,False,http://b.thumbs.redditmedia.com/tpqHhCe24bMt4dNy.jpg,t5_2vik5,False,,,False,t3_1k08z7,http://imgur.com/7VqPiE3.jpg,
1369871131.0,137,25.media.tumblr.com,1fawiv,That's hot!,164,27,3,http://www.reddit.com/r/SkinnyWithAbs/comments/1fawiv/thats_hot/,,,False,http://b.thumbs.redditmedia.com/nqH9gVxEjDXf4x3m.jpg,t5_2vik5,False,,,False,t3_1fawiv,http://25.media.tumblr.com/92cad477bb739625c94baa27cb7c04bb/tumblr_mn9tfv4T781rqlia6o1_1280.jpg,
1368633254.0,138,imgur.com,1edzpb,Just casually standing in her underwear in a field.,154,16,1,http://www.reddit.com/r/SkinnyWithAbs/comments/1edzpb/just_casually_standing_in_her_underwear_in_a_field/,,,False,http://d.thumbs.redditmedia.com/-bVvp9TCvoohW-mc.jpg,t5_2vik5,False,,,False,t3_1edzpb,http://imgur.com/jGPBoay&amp;yIgXLZB,
1372450920.0,138,i.imgur.com,1h9quv,Paige Butcher,151,13,1,http://www.reddit.com/r/SkinnyWithAbs/comments/1h9quv/paige_butcher/,,,False,http://f.thumbs.redditmedia.com/ZnS01KiEG_heXr0S.jpg,t5_2vik5,False,,,False,t3_1h9quv,http://i.imgur.com/A95eLnU.jpg,
1366153549.0,135,i.imgur.com,1chsvz,Abs,151,16,4,http://www.reddit.com/r/SkinnyWithAbs/comments/1chsvz/abs/,,,False,http://a.thumbs.redditmedia.com/dx7bnSC7Z-TaWO3N.jpg,t5_2vik5,False,,,False,t3_1chsvz,http://i.imgur.com/0fcMDgS.jpg,
1365470645.0,143,imgur.com,1byjsm,She rocks those yoga shorts,162,19,4,http://www.reddit.com/r/SkinnyWithAbs/comments/1byjsm/she_rocks_those_yoga_shorts/,,,False,http://b.thumbs.redditmedia.com/qq23LmHxapcNi9ps.jpg,t5_2vik5,False,,,False,t3_1byjsm,http://imgur.com/8KpMxRS,
1363263617.0,138,i.imgur.com,1aa3kj,"I don't know what sport this is, buy I'd buy a ticket!",153,15,5,http://www.reddit.com/r/SkinnyWithAbs/comments/1aa3kj/i_dont_know_what_sport_this_is_buy_id_buy_a_ticket/,,,False,http://d.thumbs.redditmedia.com/AuFHhxNtuchwRdpc.jpg,t5_2vik5,False,,,False,t3_1aa3kj,http://i.imgur.com/n0H1XYS.jpg,
1359433296.0,134,i.imgur.com,17h73x,Divina A,157,23,2,http://www.reddit.com/r/SkinnyWithAbs/comments/17h73x/divina_a/,,,True,nsfw,t5_2vik5,False,,,False,t3_17h73x,http://i.imgur.com/dCa27Jy.jpg,
1376597241.0,133,i.imgur.com,1kfva5,Tan Abs,157,24,3,http://www.reddit.com/r/SkinnyWithAbs/comments/1kfva5/tan_abs/,,,False,http://d.thumbs.redditmedia.com/JDJBU5NOtMn93b8-.jpg,t5_2vik5,False,,,False,t3_1kfva5,http://i.imgur.com/MJYac2w.jpg,
1361444071.0,134,i.imgur.com,18y5fy,Very nice,153,19,4,http://www.reddit.com/r/SkinnyWithAbs/comments/18y5fy/very_nice/,,,True,nsfw,t5_2vik5,False,,,False,t3_18y5fy,http://i.imgur.com/lneIHrL.jpg,
1371594226.0,138,i.imgur.com,1gm61z,Animal Print,155,17,3,http://www.reddit.com/r/SkinnyWithAbs/comments/1gm61z/animal_print/,,,False,http://f.thumbs.redditmedia.com/hDurlfFlCaUtqhuG.jpg,t5_2vik5,False,,,False,t3_1gm61z,http://i.imgur.com/1rycY3b.jpg,
1360939324.0,137,i.imgur.com,18kygs,Great mirror shot,148,11,5,http://www.reddit.com/r/SkinnyWithAbs/comments/18kygs/great_mirror_shot/,,,False,http://c.thumbs.redditmedia.com/9Re0zHcCrD0ZT-TJ.jpg,t5_2vik5,False,,,False,t3_18kygs,http://i.imgur.com/OMQiEpt.jpg,
1370100186.0,130,i.imgur.com,1fgt13,Selfie,147,17,5,http://www.reddit.com/r/SkinnyWithAbs/comments/1fgt13/selfie/,,,True,nsfw,t5_2vik5,False,,,False,t3_1fgt13,http://i.imgur.com/HzHWfUV.jpg,
1357994254.0,126,i.imgur.com,16fnqu,Just about perfect,138,12,4,http://www.reddit.com/r/SkinnyWithAbs/comments/16fnqu/just_about_perfect/,,,False,http://a.thumbs.redditmedia.com/k1qtwQYPyR67hl9r.jpg,t5_2vik5,False,,,False,t3_16fnqu,http://i.imgur.com/K33FY.jpg,
1365875618.0,127,imgur.com,1ca1oh,Nude Yoga,147,20,4,http://www.reddit.com/r/SkinnyWithAbs/comments/1ca1oh/nude_yoga/,,,True,nsfw,t5_2vik5,False,,,False,t3_1ca1oh,http://imgur.com/a/8yrBe,
1354501943.0,127,imgur.com,146hdx,"If you like my abs, maybe next time I'll show my butthole",159,32,8,http://www.reddit.com/r/SkinnyWithAbs/comments/146hdx/if_you_like_my_abs_maybe_next_time_ill_show_my/,,,False,http://a.thumbs.redditmedia.com/SdU3NHIEC39mj5uN.jpg,t5_2vik5,False,,,False,t3_146hdx,http://imgur.com/rVuTg,
1369492431.0,123,i.imgur.com,1f13o7,Izabel Goulart,134,11,0,http://www.reddit.com/r/SkinnyWithAbs/comments/1f13o7/izabel_goulart/,,,False,http://e.thumbs.redditmedia.com/MQXLBGeCSdRM4kNj.jpg,t5_2vik5,False,,,False,t3_1f13o7,http://i.imgur.com/SeQFsgl.jpg,
1364823359.0,120,i.imgur.com,1bf5tm,I love her running outfit,140,20,1,http://www.reddit.com/r/SkinnyWithAbs/comments/1bf5tm/i_love_her_running_outfit/,,,False,http://b.thumbs.redditmedia.com/YaIW24lyOhA1eBGy.jpg,t5_2vik5,False,,,False,t3_1bf5tm,http://i.imgur.com/aGFSFfT.jpg,
1362662213.0,125,i.imgur.com,19uczb,P90X,136,11,0,http://www.reddit.com/r/SkinnyWithAbs/comments/19uczb/p90x/,,,False,http://d.thumbs.redditmedia.com/5FGV-RO9bFbo2RuW.jpg,t5_2vik5,False,,,False,t3_19uczb,http://i.imgur.com/SVMRwXl.jpg,
1372536311.0,114,i.imgur.com,1hbri5,Bedroom underwear,131,17,1,http://www.reddit.com/r/SkinnyWithAbs/comments/1hbri5/bedroom_underwear/,,,False,http://a.thumbs.redditmedia.com/Hf9ATAV2uFtG0spf.jpg,t5_2vik5,False,,,False,t3_1hbri5,http://i.imgur.com/NFntNa6.jpg,
1357865243.0,118,i.imgur.com,16ckjg,Yoga pants,131,13,3,http://www.reddit.com/r/SkinnyWithAbs/comments/16ckjg/yoga_pants/,,,False,http://f.thumbs.redditmedia.com/EAfCDctkQDXZrUVS.jpg,t5_2vik5,False,,,False,t3_16ckjg,http://i.imgur.com/prnr6.jpg,
1364820836.0,116,i.imgur.com,1bf3af,Lovely pic,146,30,3,http://www.reddit.com/r/SkinnyWithAbs/comments/1bf3af/lovely_pic/,,,True,nsfw,t5_2vik5,False,,,False,t3_1bf3af,http://i.imgur.com/2QULRxr.jpg,
1371454378.0,116,imgur.com,1gi54b,Holy aesthetics!,130,14,0,http://www.reddit.com/r/SkinnyWithAbs/comments/1gi54b/holy_aesthetics/,,,False,http://d.thumbs.redditmedia.com/yhZo40EhNcV4CfFW.jpg,t5_2vik5,False,,,False,t3_1gi54b,http://imgur.com/EJ9BEwK,
1358142444.0,113,i.imgur.com,16jce5,Ready to strip,136,23,12,http://www.reddit.com/r/SkinnyWithAbs/comments/16jce5/ready_to_strip/,,,True,nsfw,t5_2vik5,False,,,False,t3_16jce5,http://i.imgur.com/IrRNF.jpg,
1364836759.0,112,pic-upload.de,1bfki3,Underboobs,126,14,2,http://www.reddit.com/r/SkinnyWithAbs/comments/1bfki3/underboobs/,,,False,http://a.thumbs.redditmedia.com/tJNrjbeQCosOBFX6.jpg,t5_2vik5,False,,,False,t3_1bfki3,http://www7.pic-upload.de/01.04.13/mio6n2tp4qe.jpg,
1364209748.0,111,i.imgur.com,1ayu78,Love the shorts,128,17,0,http://www.reddit.com/r/SkinnyWithAbs/comments/1ayu78/love_the_shorts/,,,False,http://c.thumbs.redditmedia.com/vt-3o81unMLY7PB8.jpg,t5_2vik5,False,,,False,t3_1ayu78,http://i.imgur.com/OHvB76X.jpg,
1373497664.0,111,i.imgur.com,1i1ish,Oksana Artemova,129,18,0,http://www.reddit.com/r/SkinnyWithAbs/comments/1i1ish/oksana_artemova/,,,False,http://b.thumbs.redditmedia.com/NB0H3xJKICwodW-C.jpg,t5_2vik5,False,,,False,t3_1i1ish,http://i.imgur.com/OvfjBOU.jpg,
1366894402.0,111,sweatforit.com,1d2vci,Could kill you but probably wouldn't - Iceland Taekwondo Champion 2013 Margret Gnarr!,125,14,11,http://www.reddit.com/r/SkinnyWithAbs/comments/1d2vci/could_kill_you_but_probably_wouldnt_iceland/,,,False,http://a.thumbs.redditmedia.com/rfdPIXijo7v653o0.jpg,t5_2vik5,False,,,False,t3_1d2vci,http://sweatforit.com/fit-women/margret-gnarr-inspiring-taekwondo-champion-and-bodybuilder-from-iceland/,
1363449126.0,109,i.imgur.com,1aeved,Michelle Amara,126,17,2,http://www.reddit.com/r/SkinnyWithAbs/comments/1aeved/michelle_amara/,,,True,nsfw,t5_2vik5,False,,,False,t3_1aeved,http://i.imgur.com/e5e4Oag.jpg,
1375502546.0,109,imgur.com,1jly2q,Awesome Aussie Girl,140,31,6,http://www.reddit.com/r/SkinnyWithAbs/comments/1jly2q/awesome_aussie_girl/,,,True,nsfw,t5_2vik5,False,,,False,t3_1jly2q,http://imgur.com/a/RLMDE,
1364822774.0,113,i.imgur.com,1bf56g,Love the body.,131,18,0,http://www.reddit.com/r/SkinnyWithAbs/comments/1bf56g/love_the_body/,,,False,http://f.thumbs.redditmedia.com/Indwaj7rs8oy4mcq.jpg,t5_2vik5,False,,,False,t3_1bf56g,http://i.imgur.com/1eZpbNI.jpg,
1364163519.0,109,i.imgur.com,1axqop,Disco Abs,130,21,0,http://www.reddit.com/r/SkinnyWithAbs/comments/1axqop/disco_abs/,,,False,http://c.thumbs.redditmedia.com/WXdtC5tAYuup8ptn.jpg,t5_2vik5,False,,,False,t3_1axqop,http://i.imgur.com/K3Ga2f6.jpg,
1358460306.0,111,imageba.se,16rzpm,Nice self shot,121,10,0,http://www.reddit.com/r/SkinnyWithAbs/comments/16rzpm/nice_self_shot/,,,False,http://e.thumbs.redditmedia.com/fFopvo0rTKxVi3hj.jpg,t5_2vik5,False,,,False,t3_16rzpm,http://www.imageba.se/Sd.jpg,
1358035191.0,105,i.imgur.com,16goio,Tatted and Gorgeous ,129,24,3,http://www.reddit.com/r/SkinnyWithAbs/comments/16goio/tatted_and_gorgeous/,,,False,http://c.thumbs.redditmedia.com/XB4g6-_uZ5d4B-3P.jpg,t5_2vik5,False,,,False,t3_16goio,http://i.imgur.com/jOMmy.jpg,
1355496156.0,110,i.imgur.com,14udy9,Skinny with abs with big tits,124,14,3,http://www.reddit.com/r/SkinnyWithAbs/comments/14udy9/skinny_with_abs_with_big_tits/,,,False,http://a.thumbs.redditmedia.com/VCHjtdDvyjwf-VUH.jpg,t5_2vik5,False,,,False,t3_14udy9,http://i.imgur.com/YXV8d.jpg,
1369755649.0,108,i.imgur.com,1f7cps,Gabby Salazar - Texas A&amp;M Track &amp; Field,118,10,3,http://www.reddit.com/r/SkinnyWithAbs/comments/1f7cps/gabby_salazar_texas_am_track_field/,,,False,http://b.thumbs.redditmedia.com/Jq2rDHPAG7PQanqO.jpg,t5_2vik5,False,,,False,t3_1f7cps,http://i.imgur.com/VNnC9o5.jpg,
1363471534.0,105,i.imgur.com,1afj0n,One of my fav pics... Skateboard girl,118,13,1,http://www.reddit.com/r/SkinnyWithAbs/comments/1afj0n/one_of_my_fav_pics_skateboard_girl/,,,False,http://c.thumbs.redditmedia.com/XGSp_BCKHKZeuDcJ.jpg,t5_2vik5,False,,,False,t3_1afj0n,http://i.imgur.com/u4gSNYy.jpg,
1373662405.0,102,i.imgur.com,1i6fuu,Skinny Redhead With Abs,132,30,1,http://www.reddit.com/r/SkinnyWithAbs/comments/1i6fuu/skinny_redhead_with_abs/,,,False,http://e.thumbs.redditmedia.com/tt1h3dcWkAHT2yz4.jpg,t5_2vik5,False,,,False,t3_1i6fuu,http://i.imgur.com/xFVBhpN.jpg,
1372504458.0,104,i.imgur.com,1hb0t3,From gw,117,13,1,http://www.reddit.com/r/SkinnyWithAbs/comments/1hb0t3/from_gw/,,,False,http://b.thumbs.redditmedia.com/AxjD9UYxOeIo3wa7.jpg,t5_2vik5,False,,,False,t3_1hb0t3,http://i.imgur.com/QDE7TrP.jpg,
1376907217.0,103,i.imgur.com,1knq15,skinny in panties,117,14,6,http://www.reddit.com/r/SkinnyWithAbs/comments/1knq15/skinny_in_panties/,,,False,http://e.thumbs.redditmedia.com/5Mac6Nct8X6la5-L.jpg,t5_2vik5,False,,,False,t3_1knq15,http://i.imgur.com/BUnTOmK.png,
1365012879.0,103,i.imgur.com,1blp1y,Female Thor Cosplay,121,18,3,http://www.reddit.com/r/SkinnyWithAbs/comments/1blp1y/female_thor_cosplay/,,,False,http://c.thumbs.redditmedia.com/8XK4IUn-9kKw6i3D.jpg,t5_2vik5,False,,,False,t3_1blp1y,http://i.imgur.com/UZmXrny.jpg,
1363264546.0,100,i.imgur.com,1aa470,Washboard,115,15,3,http://www.reddit.com/r/SkinnyWithAbs/comments/1aa470/washboard/,,,False,http://a.thumbs.redditmedia.com/Dr1RE95uIvRugxs0.jpg,t5_2vik5,False,,,False,t3_1aa470,http://i.imgur.com/7CSA73u.jpg,
1363366034.0,103,i.imgur.com,1acwe7,incredibly fit girl,122,19,4,http://www.reddit.com/r/SkinnyWithAbs/comments/1acwe7/incredibly_fit_girl/,,,False,http://f.thumbs.redditmedia.com/VcGjmGqTxGR-zNww.jpg,t5_2vik5,False,,,False,t3_1acwe7,http://i.imgur.com/BpQdIwX.jpg,
1357040966.0,100,1x.org.ua,15rpg3,"slender, yet firm (x-post from hardbodies)",111,11,2,http://www.reddit.com/r/SkinnyWithAbs/comments/15rpg3/slender_yet_firm_xpost_from_hardbodies/,,,False,http://a.thumbs.redditmedia.com/u7-IJKdTmn2hVX1B.jpg,t5_2vik5,False,,,False,t3_15rpg3,http://1x.org.ua/wp-content/uploads/2012/07/23617271_284932708.jpg,
1374475036.0,96,imgur.com,1isqhs,Little Abs,105,9,2,http://www.reddit.com/r/SkinnyWithAbs/comments/1isqhs/little_abs/,,,False,http://c.thumbs.redditmedia.com/2q_dpuK0T2WhJjc2.jpg,t5_2vik5,False,,,False,t3_1isqhs,http://imgur.com/ovs8l64,
1367737632.0,100,i.imgur.com,1dq0h9,Don't distract the high-jumper.,112,12,2,http://www.reddit.com/r/SkinnyWithAbs/comments/1dq0h9/dont_distract_the_highjumper/,,,False,http://a.thumbs.redditmedia.com/3IrzROmJ4nNzZedx.jpg,t5_2vik5,False,,,False,t3_1dq0h9,http://i.imgur.com/RseGGEF.png,
1362662326.0,96,i.imgur.com,19ud26,Sweats,122,26,1,http://www.reddit.com/r/SkinnyWithAbs/comments/19ud26/sweats/,,,False,http://f.thumbs.redditmedia.com/MGg1o1BddXI1QPWw.jpg,t5_2vik5,False,,,False,t3_19ud26,http://i.imgur.com/fb34bTQ.jpg,
1353731849.0,97,i.imgur.com,13p8uh,Bird Tattoo,113,16,4,http://www.reddit.com/r/SkinnyWithAbs/comments/13p8uh/bird_tattoo/,,,True,nsfw,t5_2vik5,False,,,False,t3_13p8uh,http://i.imgur.com/hRObs.jpg,
1374075460.0,93,imgur.com,1ihow0,Spin,109,16,1,http://www.reddit.com/r/SkinnyWithAbs/comments/1ihow0/spin/,,,False,http://a.thumbs.redditmedia.com/TWRuVX8GWcKjluAf.jpg,t5_2vik5,False,,,False,t3_1ihow0,http://imgur.com/3GL9csl,
1362662143.0,94,i.imgur.com,19ucxo,Blue,109,15,0,http://www.reddit.com/r/SkinnyWithAbs/comments/19ucxo/blue/,,,False,http://c.thumbs.redditmedia.com/OqZdrz4Yypv2iq9P.jpg,t5_2vik5,False,,,False,t3_19ucxo,http://i.imgur.com/MW6rIQf.jpg,
1359697096.0,92,i.imgur.com,17ohw3,Natasha,111,19,2,http://www.reddit.com/r/SkinnyWithAbs/comments/17ohw3/natasha/,,,True,nsfw,t5_2vik5,False,,,False,t3_17ohw3,http://i.imgur.com/KXECtzL.jpg,
1355605980.0,91,i.imgur.com,14wryk,Bedroom,103,12,1,http://www.reddit.com/r/SkinnyWithAbs/comments/14wryk/bedroom/,,,False,http://c.thumbs.redditmedia.com/AGyUOz_ol30tkHr8.jpg,t5_2vik5,False,,,False,t3_14wryk,http://i.imgur.com/tuknH.jpg,
1372100683.0,91,i.imgur.com,1gzi6a,God Bless America (xpost from /r/RealGirls),109,18,2,http://www.reddit.com/r/SkinnyWithAbs/comments/1gzi6a/god_bless_america_xpost_from_rrealgirls/,,,False,http://a.thumbs.redditmedia.com/lcUvXtH2h0ph9LNx.jpg,t5_2vik5,False,,,False,t3_1gzi6a,http://i.imgur.com/bqoMxBy.jpg,
1363281105.0,94,i.imgur.com,1aalm7,Gym selfshot,101,7,0,http://www.reddit.com/r/SkinnyWithAbs/comments/1aalm7/gym_selfshot/,,,False,http://d.thumbs.redditmedia.com/csLheZ2MVNg0DrqW.jpg,t5_2vik5,False,,,False,t3_1aalm7,http://i.imgur.com/rGrtcjR.jpg,
1354559228.0,89,i.imgur.com,147mtz,Who likes tattoos?,102,13,4,http://www.reddit.com/r/SkinnyWithAbs/comments/147mtz/who_likes_tattoos/,,,False,http://f.thumbs.redditmedia.com/04ryU6gcz06fTGZS.jpg,t5_2vik5,False,,,False,t3_147mtz,http://i.imgur.com/5Jcv0.jpg,
1358035124.0,86,i.imgur.com,16gog4,Rock Solid Skinny Asian,100,14,1,http://www.reddit.com/r/SkinnyWithAbs/comments/16gog4/rock_solid_skinny_asian/,,,False,http://d.thumbs.redditmedia.com/gOo79pIWHht1Sfj9.jpg,t5_2vik5,False,,,False,t3_16gog4,http://i.imgur.com/qyuSn.jpg,
1374969911.0,84,cagetoday.com,1j6tgv,Rachelle Leah,95,11,1,http://www.reddit.com/r/SkinnyWithAbs/comments/1j6tgv/rachelle_leah/,,,False,default,t5_2vik5,False,,,False,t3_1j6tgv,http://www.cagetoday.com/wp-content/uploads/2010/05/rachelle-leah.jpg,
1374368989.0,84,i.imgur.com,1iq5e7,SkinnyWithAbs Self Pic Babe,96,12,2,http://www.reddit.com/r/SkinnyWithAbs/comments/1iq5e7/skinnywithabs_self_pic_babe/,,,False,http://d.thumbs.redditmedia.com/QSbfwC08Kol__yuc.jpg,t5_2vik5,False,,,False,t3_1iq5e7,http://i.imgur.com/G1FsoAR.jpg,
1356660442.0,86,i.imgur.com,15ju06,From gonewild,100,14,2,http://www.reddit.com/r/SkinnyWithAbs/comments/15ju06/from_gonewild/,,,True,nsfw,t5_2vik5,False,,,False,t3_15ju06,http://i.imgur.com/KswWs.jpg,
1359215595.0,87,imgur.com,17bgnt,Abs in progress.,109,22,4,http://www.reddit.com/r/SkinnyWithAbs/comments/17bgnt/abs_in_progress/,,,False,http://d.thumbs.redditmedia.com/Bwb3yHXXJ4sAuAi3.jpg,t5_2vik5,False,,,False,t3_17bgnt,http://imgur.com/nQIVeIH,
1356716877.0,85,i.imgur.com,15kxg2,Looong legs,99,14,1,http://www.reddit.com/r/SkinnyWithAbs/comments/15kxg2/looong_legs/,,,True,nsfw,t5_2vik5,False,,,False,t3_15kxg2,http://i.imgur.com/n4fQI.png,
1355605916.0,83,i.imgur.com,14wrwc,Shirt up,91,8,1,http://www.reddit.com/r/SkinnyWithAbs/comments/14wrwc/shirt_up/,,,True,nsfw,t5_2vik5,False,,,False,t3_14wrwc,http://i.imgur.com/6Zf8N.jpg,
1363263862.0,78,i.imgur.com,1aa3qi,Shirt up,93,15,0,http://www.reddit.com/r/SkinnyWithAbs/comments/1aa3qi/shirt_up/,,,True,nsfw,t5_2vik5,False,,,False,t3_1aa3qi,http://i.imgur.com/AMr6eK0.jpg,
1357865281.0,82,i.imgur.com,16ckkz,Handbra,96,14,0,http://www.reddit.com/r/SkinnyWithAbs/comments/16ckkz/handbra/,,,True,nsfw,t5_2vik5,False,,,False,t3_16ckkz,http://i.imgur.com/VKvPI.jpg,
1373233905.0,81,nudemuscle.tumblr.com,1htodk,Sitting on an upside-down chair (NSFW),102,21,2,http://www.reddit.com/r/SkinnyWithAbs/comments/1htodk/sitting_on_an_upsidedown_chair_nsfw/,,,True,nsfw,t5_2vik5,False,,,False,t3_1htodk,http://nudemuscle.tumblr.com/post/49360088004,
1362630275.0,80,i.imgur.com,19tqzc,Pleasure,91,11,0,http://www.reddit.com/r/SkinnyWithAbs/comments/19tqzc/pleasure/,,,True,nsfw,t5_2vik5,False,,,False,t3_19tqzc,http://i.imgur.com/XCwJ6jA.jpg,
1357177335.0,77,3.bp.blogspot.com,15v06m,Girly and Natural,89,12,4,http://www.reddit.com/r/SkinnyWithAbs/comments/15v06m/girly_and_natural/,,,False,http://d.thumbs.redditmedia.com/KWZPbCsHff_B-FsE.jpg,t5_2vik5,False,,,False,t3_15v06m,http://3.bp.blogspot.com/-0-awN1qvBu0/UNG7odmmliI/AAAAAAAAAMs/pW6f-nzF3_4/s320/tumblr_m96yd1aQQh1rezl2to1_400.jpg,
1357569679.0,82,i.imgur.com,164d69,Nessa,96,14,1,http://www.reddit.com/r/SkinnyWithAbs/comments/164d69/nessa/,,,True,nsfw,t5_2vik5,False,,,False,t3_164d69,http://i.imgur.com/Nb9Iw.jpg,
1354134156.0,81,i.imgur.com,13y9kd,Yellow,88,7,1,http://www.reddit.com/r/SkinnyWithAbs/comments/13y9kd/yellow/,,,False,http://a.thumbs.redditmedia.com/fhTjCKsGJ9Ul-LR0.jpg,t5_2vik5,False,,,False,t3_13y9kd,http://i.imgur.com/klcSP.jpg,
1352951806.0,75,i.imgur.com,137zzx,Splits,84,9,1,http://www.reddit.com/r/SkinnyWithAbs/comments/137zzx/splits/,,,False,http://b.thumbs.redditmedia.com/mNAQSyC-NVYI2Gkg.jpg,t5_2vik5,False,,,False,t3_137zzx,http://i.imgur.com/koBbU.jpg,
1370467858.0,77,i.imgur.com,1fqyf9,xpost from /girlsboxing,95,18,2,http://www.reddit.com/r/SkinnyWithAbs/comments/1fqyf9/xpost_from_girlsboxing/,,,False,http://f.thumbs.redditmedia.com/C-SGGQ1g-iC19jX_.jpg,t5_2vik5,False,,,False,t3_1fqyf9,http://i.imgur.com/Xvf4fZW.jpg,
1362111508.0,78,i.imgur.com,19fzkw,Selfy,92,14,1,http://www.reddit.com/r/SkinnyWithAbs/comments/19fzkw/selfy/,,,True,nsfw,t5_2vik5,False,,,False,t3_19fzkw,http://i.imgur.com/eUaq98O.jpg,
1356738126.0,78,imgur.com,15ljgm,Ten Pictures - Eleven Girls,86,8,0,http://www.reddit.com/r/SkinnyWithAbs/comments/15ljgm/ten_pictures_eleven_girls/,,,False,http://e.thumbs.redditmedia.com/P2a6J1-SwR6t-hKj.jpg,t5_2vik5,False,,,False,t3_15ljgm,http://imgur.com/a/fjJo7,
1354599030.0,76,imgur.com,148xjz,Nobody wanted butthole so here's more abs,91,15,7,http://www.reddit.com/r/SkinnyWithAbs/comments/148xjz/nobody_wanted_butthole_so_heres_more_abs/,,,False,http://a.thumbs.redditmedia.com/fecftQjdqh9ET2Ef.jpg,t5_2vik5,False,,,False,t3_148xjz,http://imgur.com/xNCv1,
1357647856.0,76,i.imgur.com,166hvk,Beach (x-post from Hardbodies),95,19,4,http://www.reddit.com/r/SkinnyWithAbs/comments/166hvk/beach_xpost_from_hardbodies/,,,False,http://c.thumbs.redditmedia.com/6KTcKasqqiwmSlLD.jpg,t5_2vik5,False,,,False,t3_166hvk,http://i.imgur.com/323Nz.jpg,
1356876609.0,80,i.imgur.com,15o8w8,In light of the recent cry for contributions: a cute mirror self-shot,90,10,3,http://www.reddit.com/r/SkinnyWithAbs/comments/15o8w8/in_light_of_the_recent_cry_for_contributions_a/,,,False,http://b.thumbs.redditmedia.com/bpsrPwJDOtaLGx0C.jpg,t5_2vik5,False,,,False,t3_15o8w8,http://i.imgur.com/zgKk7.jpg,
1358534581.0,74,i.imgur.com,16twci,From /r/AsianCuties,83,9,2,http://www.reddit.com/r/SkinnyWithAbs/comments/16twci/from_rasiancuties/,,,False,http://e.thumbs.redditmedia.com/F4P025ODVWvurp64.jpg,t5_2vik5,False,,,False,t3_16twci,http://i.imgur.com/qJ3v0.jpg,
1352577690.0,76,i.imgur.com,12z5og,B&amp;W [nsfw],81,5,1,http://www.reddit.com/r/SkinnyWithAbs/comments/12z5og/bw_nsfw/,,,True,nsfw,t5_2vik5,False,,,False,t3_12z5og,http://i.imgur.com/u3Bg7.jpg,
1361944493.0,71,i.imgur.com,19b9kv,Black bikini beach,86,15,0,http://www.reddit.com/r/SkinnyWithAbs/comments/19b9kv/black_bikini_beach/,,,False,http://c.thumbs.redditmedia.com/BwmMnsT4NY2-Bdqz.jpg,t5_2vik5,False,,,False,t3_19b9kv,http://i.imgur.com/eiV4qd0.jpg,
1356477561.0,71,i.imgur.com,15fux6,Another from gonewild,86,15,1,http://www.reddit.com/r/SkinnyWithAbs/comments/15fux6/another_from_gonewild/,,,True,nsfw,t5_2vik5,False,,,False,t3_15fux6,http://i.imgur.com/4TrqH.jpg,
1374009033.0,75,imgur.com,1ifv2x,Andrea Burstein,105,30,1,http://www.reddit.com/r/SkinnyWithAbs/comments/1ifv2x/andrea_burstein/,,,False,http://f.thumbs.redditmedia.com/zxrJnQNK5cYISuyG.jpg,t5_2vik5,False,,,False,t3_1ifv2x,http://imgur.com/a/hRKO0,
1361884615.0,70,i.imgur.com,1999nr,Candice Swanepoel,83,13,0,http://www.reddit.com/r/SkinnyWithAbs/comments/1999nr/candice_swanepoel/,,,False,http://c.thumbs.redditmedia.com/SBeyTRzvmdHniP8h.jpg,t5_2vik5,False,,,False,t3_1999nr,http://i.imgur.com/deX8Uo1.jpg,
1357569288.0,73,i.imgur.com,164cvb,Yellow bikini beach beauty ,85,12,5,http://www.reddit.com/r/SkinnyWithAbs/comments/164cvb/yellow_bikini_beach_beauty/,,,False,http://f.thumbs.redditmedia.com/le8lqnnVwwHnEko5.jpg,t5_2vik5,False,,,False,t3_164cvb,http://i.imgur.com/s0Bux.jpg,
1356381522.0,69,imgur.com,15e0y1,Oh lawd,81,12,1,http://www.reddit.com/r/SkinnyWithAbs/comments/15e0y1/oh_lawd/,,,True,nsfw,t5_2vik5,False,,,False,t3_15e0y1,http://imgur.com/fKd4S.jpg,
1376660122.0,69,twitter.com,1khj54,Charisma Carpenter is looking amazing at 40.,80,11,2,http://www.reddit.com/r/SkinnyWithAbs/comments/1khj54/charisma_carpenter_is_looking_amazing_at_40/,,,False,http://c.thumbs.redditmedia.com/a2ThlGG373nNC3vz.jpg,t5_2vik5,False,,,False,t3_1khj54,https://twitter.com/AllCharisma/status/366594621977018368,
1373705063.0,71,i.imgur.com,1i7kk8,Amazing Blond in the Sun,87,16,1,http://www.reddit.com/r/SkinnyWithAbs/comments/1i7kk8/amazing_blond_in_the_sun/,,,True,nsfw,t5_2vik5,False,,,False,t3_1i7kk8,http://i.imgur.com/bcMdjvM.jpg,
1372755402.0,70,imgur.com,1hhj62,A name would be appreciated :),80,10,2,http://www.reddit.com/r/SkinnyWithAbs/comments/1hhj62/a_name_would_be_appreciated/,,,False,http://a.thumbs.redditmedia.com/QVAqYf0AhL4_AfJB.jpg,t5_2vik5,False,,,False,t3_1hhj62,http://imgur.com/DDdng8J,
1356505844.0,71,i.imgur.com,15gij4,Trying on clothes,87,16,2,http://www.reddit.com/r/SkinnyWithAbs/comments/15gij4/trying_on_clothes/,,,True,nsfw,t5_2vik5,False,,,False,t3_15gij4,http://i.imgur.com/vpmka.jpg,
1362182148.0,68,vimeo.com,19hsuh,"""sasha"" by Alexander Tikhomirov",83,15,8,http://www.reddit.com/r/SkinnyWithAbs/comments/19hsuh/sasha_by_alexander_tikhomirov/,,,True,nsfw,t5_2vik5,False,,,False,t3_19hsuh,http://vimeo.com/51860800,
1374430565.0,68,i.imgur.com,1irem6,Skinny Blonde with Abs,77,9,0,http://www.reddit.com/r/SkinnyWithAbs/comments/1irem6/skinny_blonde_with_abs/,,,False,http://d.thumbs.redditmedia.com/opXL6ZoGOk3_hDmW.jpg,t5_2vik5,False,,,False,t3_1irem6,http://i.imgur.com/myVD1jf.jpg,
1361440731.0,66,i.imgur.com,18y3rj,Locker room shot,77,11,1,http://www.reddit.com/r/SkinnyWithAbs/comments/18y3rj/locker_room_shot/,,,False,http://c.thumbs.redditmedia.com/pFtfKGicEUph1Evt.jpg,t5_2vik5,False,,,False,t3_18y3rj,http://i.imgur.com/exJAKi7.jpg,
1354741011.0,68,i.imgur.com,14cckn,KA3EHKA,79,11,4,http://www.reddit.com/r/SkinnyWithAbs/comments/14cckn/ka3ehka/,,,False,http://a.thumbs.redditmedia.com/dEViWwPe4Y_Xz4WN.jpg,t5_2vik5,False,,,False,t3_14cckn,http://i.imgur.com/9lF8X.jpg,
1354460483.0,68,25.media.tumblr.com,145h3u,Got rejected by /r/hardbodies,84,16,4,http://www.reddit.com/r/SkinnyWithAbs/comments/145h3u/got_rejected_by_rhardbodies/,,,False,http://d.thumbs.redditmedia.com/LquzjlR7lSQVCIR9.jpg,t5_2vik5,False,,,False,t3_145h3u,http://25.media.tumblr.com/tumblr_mckae1MDna1ry0ylwo1_1280.jpg,
1373162645.0,68,i.imgur.com,1hs4ob,Blone SkinnyWithAbs,90,22,0,http://www.reddit.com/r/SkinnyWithAbs/comments/1hs4ob/blone_skinnywithabs/,,,False,http://e.thumbs.redditmedia.com/m91QwgRYa5TAgd7v.jpg,t5_2vik5,False,,,False,t3_1hs4ob,http://i.imgur.com/ObXRAnm.jpg,
1360959329.0,67,i.imgur.com,18ljvp,Ready for a run?,74,7,0,http://www.reddit.com/r/SkinnyWithAbs/comments/18ljvp/ready_for_a_run/,,,False,http://a.thumbs.redditmedia.com/xnxJJia2aOhRgnt6.jpg,t5_2vik5,False,,,False,t3_18ljvp,http://i.imgur.com/AIAVMZ0.jpg,
1357648321.0,69,i.imgur.com,166i4u,Amazing Thin Muscular Body,79,10,0,http://www.reddit.com/r/SkinnyWithAbs/comments/166i4u/amazing_thin_muscular_body/,,,False,http://b.thumbs.redditmedia.com/GdoJS1mcK9OxrTzO.jpg,t5_2vik5,False,,,False,t3_166i4u,http://i.imgur.com/n6MoO.jpg,
1357569964.0,71,imgur.com,164dcj,"As requested, here is a muscular strip tease [f]or you (x-post from gonewild)",86,15,4,http://www.reddit.com/r/SkinnyWithAbs/comments/164dcj/as_requested_here_is_a_muscular_strip_tease_for/,,,True,nsfw,t5_2vik5,False,,,False,t3_164dcj,http://imgur.com/a/XYZwe,
1356741721.0,69,imgur.com,15lmog,Some of the Tumblr Thinspiration Tag,77,8,5,http://www.reddit.com/r/SkinnyWithAbs/comments/15lmog/some_of_the_tumblr_thinspiration_tag/,,,True,nsfw,t5_2vik5,False,,,False,t3_15lmog,http://imgur.com/a/DTQqK,
1356505804.0,70,i.imgur.com,15gihy,Duckface,85,15,0,http://www.reddit.com/r/SkinnyWithAbs/comments/15gihy/duckface/,,,False,http://d.thumbs.redditmedia.com/XvOA9PvYWSAOcGO9.jpg,t5_2vik5,False,,,False,t3_15gihy,http://i.imgur.com/sG0iI.jpg,
1374202336.0,68,i.imgur.com,1ilurq,Brooke Lauren,98,30,9,http://www.reddit.com/r/SkinnyWithAbs/comments/1ilurq/brooke_lauren/,,,False,http://b.thumbs.redditmedia.com/dLMnhzMu46xviq9y.jpg,t5_2vik5,False,,,False,t3_1ilurq,http://i.imgur.com/sBQYlgG.jpg,
1358885740.0,65,i.imgur.com,172oyt,Victoria Pratt with sandy abs,79,14,1,http://www.reddit.com/r/SkinnyWithAbs/comments/172oyt/victoria_pratt_with_sandy_abs/,,,False,http://e.thumbs.redditmedia.com/n1yIdpNt5GnyuHYv.jpg,t5_2vik5,False,,,False,t3_172oyt,http://i.imgur.com/ZD9jR2Y.jpg,
1356477586.0,68,i.imgur.com,15fuxw,Small gw tits,74,6,2,http://www.reddit.com/r/SkinnyWithAbs/comments/15fuxw/small_gw_tits/,,,True,nsfw,t5_2vik5,False,,,False,t3_15fuxw,http://i.imgur.com/934cF.jpg,
1363264074.0,68,i.imgur.com,1aa3vz,Shredded,84,16,0,http://www.reddit.com/r/SkinnyWithAbs/comments/1aa3vz/shredded/,,,False,http://f.thumbs.redditmedia.com/Ls4r2TqOKSuWVbCM.jpg,t5_2vik5,False,,,False,t3_1aa3vz,http://i.imgur.com/3isB2uk.jpg,
1361461971.0,64,i.imgur.com,18yiq1,Great shorts,78,14,0,http://www.reddit.com/r/SkinnyWithAbs/comments/18yiq1/great_shorts/,,,False,http://d.thumbs.redditmedia.com/CACQXKcePWQvvsy9.jpg,t5_2vik5,False,,,False,t3_18yiq1,http://i.imgur.com/06RfSiG.jpg,
1359489337.0,68,i2.listal.com,17ihtm,Elisabetta Gregoraci,77,9,0,http://www.reddit.com/r/SkinnyWithAbs/comments/17ihtm/elisabetta_gregoraci/,,,False,http://c.thumbs.redditmedia.com/8b-ntvcgyItp2UQ8.jpg,t5_2vik5,False,,,False,t3_17ihtm,http://i2.listal.com/image/2660122/936full-elisabetta-gregoraci.jpg,
1356882368.0,66,i.imgur.com,15obuk,This top is no match for the abs underneath,83,17,13,http://www.reddit.com/r/SkinnyWithAbs/comments/15obuk/this_top_is_no_match_for_the_abs_underneath/,,,False,http://f.thumbs.redditmedia.com/cVw8KPEpuG9lUyU5.jpg,t5_2vik5,False,,,False,t3_15obuk,http://i.imgur.com/xI4qc.jpg,
1363793938.0,68,i.imgur.com,1ao1m8,Babe and a half,104,36,3,http://www.reddit.com/r/SkinnyWithAbs/comments/1ao1m8/babe_and_a_half/,,,False,http://b.thumbs.redditmedia.com/9u4Pq0YyELYmSQyg.jpg,t5_2vik5,False,,,False,t3_1ao1m8,http://i.imgur.com/VhQjDkO.jpg,
1360745284.0,61,thincafe.com,18fpvm,Stretching,71,10,0,http://www.reddit.com/r/SkinnyWithAbs/comments/18fpvm/stretching/,,,False,http://a.thumbs.redditmedia.com/F0JpznISKFlkAKP0.jpg,t5_2vik5,False,,,False,t3_18fpvm,http://thincafe.com/post/33477503089,
1358549040.0,61,i.imgur.com,16ue6j,Lynhthy Nguyen (/r/FlexiGirls),71,10,1,http://www.reddit.com/r/SkinnyWithAbs/comments/16ue6j/lynhthy_nguyen_rflexigirls/,,,False,http://d.thumbs.redditmedia.com/8Y4Eb_Ej4j1lJSLo.jpg,t5_2vik5,False,,,False,t3_16ue6j,http://i.imgur.com/lWGKB.jpg,
1358035052.0,64,i.imgur.com,16godj,Poolside Lounging,72,8,0,http://www.reddit.com/r/SkinnyWithAbs/comments/16godj/poolside_lounging/,,,False,http://a.thumbs.redditmedia.com/sgOHBEv0u6JQeM3B.jpg,t5_2vik5,False,,,False,t3_16godj,http://i.imgur.com/YruLB.jpg,
1356941473.0,66,i.imgur.com,15psbt,Brunette ,82,16,2,http://www.reddit.com/r/SkinnyWithAbs/comments/15psbt/brunette/,,,False,http://e.thumbs.redditmedia.com/ChtvtbNspSJ3UaQX.jpg,t5_2vik5,False,,,False,t3_15psbt,http://i.imgur.com/YEKrM.jpg,
1356505769.0,64,i.imgur.com,15gigw,Oral hygiene,81,17,1,http://www.reddit.com/r/SkinnyWithAbs/comments/15gigw/oral_hygiene/,,,False,http://f.thumbs.redditmedia.com/tkPPrGarPfGlwKWS.jpg,t5_2vik5,False,,,False,t3_15gigw,http://i.imgur.com/eb251.jpg,
1357865177.0,64,i.imgur.com,16ckgp,Pierced,74,10,0,http://www.reddit.com/r/SkinnyWithAbs/comments/16ckgp/pierced/,,,True,nsfw,t5_2vik5,False,,,False,t3_16ckgp,http://i.imgur.com/dRC2z.jpg,
1356319374.0,63,i.imgur.com,15ctkp,Taken from gonewild,76,13,1,http://www.reddit.com/r/SkinnyWithAbs/comments/15ctkp/taken_from_gonewild/,,,False,http://a.thumbs.redditmedia.com/mgWaU2LuOUtxwu_B.jpg,t5_2vik5,False,,,False,t3_15ctkp,http://i.imgur.com/PANf3.png,
1374424631.0,61,i.imgur.com,1ir8du,Melisa,88,27,0,http://www.reddit.com/r/SkinnyWithAbs/comments/1ir8du/melisa/,,,True,nsfw,t5_2vik5,False,,,False,t3_1ir8du,http://i.imgur.com/t87wU9n.jpg,
1356302034.0,62,imgur.com,15cei9,Beach,69,7,0,http://www.reddit.com/r/SkinnyWithAbs/comments/15cei9/beach/,,,False,http://c.thumbs.redditmedia.com/-zwWg0ovIv_VX0CD.jpg,t5_2vik5,False,,,False,t3_15cei9,http://imgur.com/eWYFv.jpg,
1366292397.0,59,sweatforit.com,1clrwl,Park Soo Hee - ffuuuuuuuuuuuuuuuuuuuuuuu,79,20,5,http://www.reddit.com/r/SkinnyWithAbs/comments/1clrwl/park_soo_hee_ffuuuuuuuuuuuuuuuuuuuuuuu/,,,False,http://f.thumbs.redditmedia.com/L6AvdVOG2AznrXh_.jpg,t5_2vik5,False,,,False,t3_1clrwl,http://sweatforit.com/fit-women/park-soo-hee-korean-fitness-model-with-killer-abs/,
1355458723.0,59,i.imgur.com,14trh7,Gunshow,67,8,1,http://www.reddit.com/r/SkinnyWithAbs/comments/14trh7/gunshow/,,,False,http://c.thumbs.redditmedia.com/iGgGeoXKRv98ewMn.jpg,t5_2vik5,False,,,False,t3_14trh7,http://i.imgur.com/wYqyM.jpg,
1354384781.0,64,i.imgur.com,143zn2,Just do it,74,10,1,http://www.reddit.com/r/SkinnyWithAbs/comments/143zn2/just_do_it/,,,False,http://c.thumbs.redditmedia.com/l9oWc-fa-BP8HkZJ.jpg,t5_2vik5,False,,,False,t3_143zn2,http://i.imgur.com/MNvnc.jpg,
1353716812.0,55,i.imgur.com,13owmq,Dat V (xpost from gonewild and 1 more in comments,69,14,3,http://www.reddit.com/r/SkinnyWithAbs/comments/13owmq/dat_v_xpost_from_gonewild_and_1_more_in_comments/,,,True,nsfw,t5_2vik5,False,,,False,t3_13owmq,http://i.imgur.com/xZuqO.jpg,
1352951874.0,62,i.imgur.com,13802j,Boat,68,6,0,http://www.reddit.com/r/SkinnyWithAbs/comments/13802j/boat/,,,False,http://f.thumbs.redditmedia.com/PKW4K2VrA2isP_GG.jpg,t5_2vik5,False,,,False,t3_13802j,http://i.imgur.com/l41qN.jpg,
1370085670.0,59,bloggfiler.no,1fgk9a,Hot norwegian blogger,68,9,2,http://www.reddit.com/r/SkinnyWithAbs/comments/1fgk9a/hot_norwegian_blogger/,,,False,http://e.thumbs.redditmedia.com/e2Kv3gI6ZF4dkZlL.jpg,t5_2vik5,False,,,False,t3_1fgk9a,http://bloggfiler.no/krisssy.blogg.no/images/532490-7-1369925378254.jpg,
1360939422.0,58,i.imgur.com,18kyjh,Runners body,71,13,0,http://www.reddit.com/r/SkinnyWithAbs/comments/18kyjh/runners_body/,,,False,http://a.thumbs.redditmedia.com/ak_CR9R_ULCREqcf.jpg,t5_2vik5,False,,,False,t3_18kyjh,http://i.imgur.com/bRKTg2H.jpg,
1356381350.0,56,imgur.com,15e0sk,in bed,72,16,2,http://www.reddit.com/r/SkinnyWithAbs/comments/15e0sk/in_bed/,,,True,nsfw,t5_2vik5,False,,,False,t3_15e0sk,http://imgur.com/Jh4vZ,
1355606287.0,58,i.imgur.com,14ws8h,Found in GW,63,5,1,http://www.reddit.com/r/SkinnyWithAbs/comments/14ws8h/found_in_gw/,,,False,http://e.thumbs.redditmedia.com/JEwVeu0sxa6_iTiX.jpg,t5_2vik5,False,,,False,t3_14ws8h,http://i.imgur.com/hevyx.jpg,
1376022343.0,58,girlsfitness.tumblr.com,1k09c6,gorgeous!(shyla turcotte),72,14,1,http://www.reddit.com/r/SkinnyWithAbs/comments/1k09c6/gorgeousshyla_turcotte/,,,False,http://d.thumbs.redditmedia.com/jQGQrvujd_XEBBWu.jpg,t5_2vik5,False,,,False,t3_1k09c6,http://girlsfitness.tumblr.com/post/57765278517,
1357734867.0,60,imgur.com,168ur5,Statue-esque,69,9,3,http://www.reddit.com/r/SkinnyWithAbs/comments/168ur5/statueesque/,,,True,nsfw,t5_2vik5,False,,,False,t3_168ur5,http://imgur.com/AGeac,
1356847860.0,57,i.imgur.com,15nvap,Blonde mirror pic,70,13,0,http://www.reddit.com/r/SkinnyWithAbs/comments/15nvap/blonde_mirror_pic/,,,False,http://c.thumbs.redditmedia.com/bO6I6WK0LS1z7Dhz.jpg,t5_2vik5,False,,,False,t3_15nvap,http://i.imgur.com/3fPdA.jpg,
1352579979.0,57,i.imgur.com,12z7s2,admiring her hard work,61,4,3,http://www.reddit.com/r/SkinnyWithAbs/comments/12z7s2/admiring_her_hard_work/,,,False,http://f.thumbs.redditmedia.com/cP2pZvVcQ1kN39Ee.jpg,t5_2vik5,False,,,False,t3_12z7s2,http://i.imgur.com/teCSE.jpg,
1370977364.0,56,imageba.se,1g525w,Nice Abs,74,18,0,http://www.reddit.com/r/SkinnyWithAbs/comments/1g525w/nice_abs/,,,False,http://a.thumbs.redditmedia.com/1hUwYFe2M_AGNY_N.jpg,t5_2vik5,False,,,False,t3_1g525w,http://www.imageba.se/Yr/#.Ubd0Qn7jLt8.reddit,
1360950659.0,53,i.imgur.com,18l9o4,Nice start on the abs. ,68,15,0,http://www.reddit.com/r/SkinnyWithAbs/comments/18l9o4/nice_start_on_the_abs/,,,False,http://d.thumbs.redditmedia.com/iJqzBd5yiDFXOq_o.jpg,t5_2vik5,False,,,False,t3_18l9o4,http://i.imgur.com/qX95jIe.jpg,
1355496063.0,56,i.imgur.com,14udvy,Towel,63,7,0,http://www.reddit.com/r/SkinnyWithAbs/comments/14udvy/towel/,,,True,nsfw,t5_2vik5,False,,,False,t3_14udvy,http://i.imgur.com/Izw3A.jpg,
1353713204.0,52,i.imgur.com,13oti3,sweats,62,10,0,http://www.reddit.com/r/SkinnyWithAbs/comments/13oti3/sweats/,,,False,http://f.thumbs.redditmedia.com/P38wx-d56vyBZjce.jpg,t5_2vik5,False,,,False,t3_13oti3,http://i.imgur.com/Mj6K2.jpg,
1355605964.0,59,i.imgur.com,14wry2,Progress pic,61,2,2,http://www.reddit.com/r/SkinnyWithAbs/comments/14wry2/progress_pic/,,,False,http://e.thumbs.redditmedia.com/ED896jjkKgFgtAid.jpg,t5_2vik5,False,,,False,t3_14wry2,http://i.imgur.com/y1zwJ.jpg,
1354326542.0,55,i.imgur.com,1430e2,Jenna Marbles,69,14,11,http://www.reddit.com/r/SkinnyWithAbs/comments/1430e2/jenna_marbles/,,,False,http://c.thumbs.redditmedia.com/1h81NSCeAcyFjDXn.jpg,t5_2vik5,False,,,False,t3_1430e2,http://i.imgur.com/QR4x5.jpg,
1352474814.0,56,i.imgur.com,12wzcw,Michelle Amara,66,10,0,http://www.reddit.com/r/SkinnyWithAbs/comments/12wzcw/michelle_amara/,,,True,nsfw,t5_2vik5,False,,,False,t3_12wzcw,http://i.imgur.com/ABJyR.jpg,
1376762545.0,55,images.thesartorialist.com,1kk6bn,Showoff on fifth ave.,63,8,2,http://www.reddit.com/r/SkinnyWithAbs/comments/1kk6bn/showoff_on_fifth_ave/,,,False,http://d.thumbs.redditmedia.com/p-NkkHIvyVkLh1i3.jpg,t5_2vik5,False,,,False,t3_1kk6bn,http://images.thesartorialist.com/thumbnails/2013/08/71313Skt2347Web.jpg,
1360941971.0,55,i.imgur.com,18l0mh,Low ridin yoga pants,60,5,1,http://www.reddit.com/r/SkinnyWithAbs/comments/18l0mh/low_ridin_yoga_pants/,,,False,http://e.thumbs.redditmedia.com/V2DVlujIBFNvb4SL.jpg,t5_2vik5,False,,,False,t3_18l0mh,http://i.imgur.com/JMYsCnm.jpg,
1353785365.0,54,i.imgur.com,13q3h7,Perfect beach view,59,5,1,http://www.reddit.com/r/SkinnyWithAbs/comments/13q3h7/perfect_beach_view/,,,False,http://c.thumbs.redditmedia.com/0C_A7sPa5GNhttmP.jpg,t5_2vik5,False,,,False,t3_13q3h7,http://i.imgur.com/BNlOW.jpg,
1353278057.0,55,imgur.com,13f23n,Perfect tits and body,67,12,3,http://www.reddit.com/r/SkinnyWithAbs/comments/13f23n/perfect_tits_and_body/,,,True,nsfw,t5_2vik5,False,,,False,t3_13f23n,http://imgur.com/TJQus,
1352901539.0,57,i.imgur.com,136idd,White top,59,2,0,http://www.reddit.com/r/SkinnyWithAbs/comments/136idd/white_top/,,,False,http://d.thumbs.redditmedia.com/ZUJfrKjJnIhhHt6K.jpg,t5_2vik5,False,,,False,t3_136idd,http://i.imgur.com/jDhCv.jpg,
1369620170.0,50,girlsfitness.tumblr.com,1f43sk,nice abs,69,19,2,http://www.reddit.com/r/SkinnyWithAbs/comments/1f43sk/nice_abs/,,,False,http://a.thumbs.redditmedia.com/eJERRpUJLkmFIq3T.jpg,t5_2vik5,False,,,False,t3_1f43sk,http://girlsfitness.tumblr.com/post/51148727640//,
1363413164.0,52,i.minus.com,1aebo1,Body Shaking ,71,19,1,http://www.reddit.com/r/SkinnyWithAbs/comments/1aebo1/body_shaking/,,,True,nsfw,t5_2vik5,False,,,False,t3_1aebo1,http://i.minus.com/iZyrwgkS9VkX7.gif,
1352951848.0,51,i.imgur.com,13801k,Yellow polka dot bikini,65,14,0,http://www.reddit.com/r/SkinnyWithAbs/comments/13801k/yellow_polka_dot_bikini/,,,False,http://c.thumbs.redditmedia.com/Ui-fncyB0ywgkhqP.jpg,t5_2vik5,False,,,False,t3_13801k,http://i.imgur.com/qM8PY.png,
1371970286.0,45,vimeo.com,1gwci1,Malena Morgan Workout Video,55,10,7,http://www.reddit.com/r/SkinnyWithAbs/comments/1gwci1/malena_morgan_workout_video/,,,False,default,t5_2vik5,False,,,False,t3_1gwci1,http://vimeo.com/64766135,
1367614435.0,53,i.imgur.com,1dn480,Arley Elizabeth,64,11,2,http://www.reddit.com/r/SkinnyWithAbs/comments/1dn480/arley_elizabeth/,,,False,http://f.thumbs.redditmedia.com/3vg2mkWzhIoX5uFe.jpg,t5_2vik5,False,,,False,t3_1dn480,http://i.imgur.com/Zxqjewa.jpg?1,
1362470559.0,50,i.imgur.com,19p3oq,Adriana Lima,69,19,2,http://www.reddit.com/r/SkinnyWithAbs/comments/19p3oq/adriana_lima/,,,False,http://a.thumbs.redditmedia.com/DTyK4mOc34xAnyOZ.jpg,t5_2vik5,False,,,False,t3_19p3oq,http://i.imgur.com/oBw4kCQ.jpg,
1358035222.0,46,i.imgur.com,16gok0,Huge Gap,58,12,1,http://www.reddit.com/r/SkinnyWithAbs/comments/16gok0/huge_gap/,,,False,default,t5_2vik5,False,,,False,t3_16gok0,http://i.imgur.com/mK5Ve.jpg,
1357865303.0,49,i.imgur.com,16ckm0,Handbra II,62,13,0,http://www.reddit.com/r/SkinnyWithAbs/comments/16ckm0/handbra_ii/,,,True,nsfw,t5_2vik5,False,,,False,t3_16ckm0,http://i.imgur.com/CtoDJ.jpg,
1355458737.0,51,i.imgur.com,14trhs,Handbra,58,7,1,http://www.reddit.com/r/SkinnyWithAbs/comments/14trhs/handbra/,,,False,http://f.thumbs.redditmedia.com/7UZGD4_myp7aDZ8k.jpg,t5_2vik5,False,,,False,t3_14trhs,http://i.imgur.com/SGP27.jpg,
1352864021.0,49,i.imgur.com,135uv1,Ripped,56,7,0,http://www.reddit.com/r/SkinnyWithAbs/comments/135uv1/ripped/,,,False,http://d.thumbs.redditmedia.com/VgA6wjFlYg0swiSc.jpg,t5_2vik5,False,,,False,t3_135uv1,http://i.imgur.com/hdODt.jpg,
1352474915.0,48,i.imgur.com,12wzg6,I'd give her my white protein,59,11,0,http://www.reddit.com/r/SkinnyWithAbs/comments/12wzg6/id_give_her_my_white_protein/,,,False,http://f.thumbs.redditmedia.com/NUFNRKD9OCOiPrYq.jpg,t5_2vik5,False,,,False,t3_12wzg6,http://i.imgur.com/ewLtS.jpg,
1352474752.0,51,i.imgur.com,12wzal,Selfshot,62,11,7,http://www.reddit.com/r/SkinnyWithAbs/comments/12wzal/selfshot/,,,False,http://f.thumbs.redditmedia.com/u30_tBe2_naME0Vk.jpg,t5_2vik5,False,,,False,t3_12wzal,http://i.imgur.com/rAUML.jpg,
1375339859.0,47,i.imgur.com,1jh9qi,Penguin,60,13,1,http://www.reddit.com/r/SkinnyWithAbs/comments/1jh9qi/penguin/,,,False,http://a.thumbs.redditmedia.com/SzTGVW_dD6rcD2uf.jpg,t5_2vik5,False,,,False,t3_1jh9qi,http://i.imgur.com/B6NQl.jpg,
1356381464.0,45,imgur.com,15e0w8,In shower,58,13,0,http://www.reddit.com/r/SkinnyWithAbs/comments/15e0w8/in_shower/,,,True,nsfw,t5_2vik5,False,,,False,t3_15e0w8,http://imgur.com/QPwYh.jpg,
1355606005.0,44,i.imgur.com,14wrze,Locker room,55,11,0,http://www.reddit.com/r/SkinnyWithAbs/comments/14wrze/locker_room/,,,False,http://f.thumbs.redditmedia.com/pdKMWdkDUpCqIDjM.jpg,t5_2vik5,False,,,False,t3_14wrze,http://i.imgur.com/9REX9.jpg,
1352490343.0,49,i.imgur.com,12xfhk,Azn,63,14,1,http://www.reddit.com/r/SkinnyWithAbs/comments/12xfhk/azn/,,,False,http://e.thumbs.redditmedia.com/drJX1O7I42ncp7PF.jpg,t5_2vik5,False,,,False,t3_12xfhk,http://i.imgur.com/YFr4e.jpg,
1352474702.0,52,i.imgur.com,12wz92,Pink and White,56,4,0,http://www.reddit.com/r/SkinnyWithAbs/comments/12wz92/pink_and_white/,,,False,http://a.thumbs.redditmedia.com/kXK82xqaWLL7ApOZ.jpg,t5_2vik5,False,,,False,t3_12wz92,http://i.imgur.com/9PWUs.jpg,
1357995509.0,44,i.imgur.com,16fo9m,D&amp;G,53,9,0,http://www.reddit.com/r/SkinnyWithAbs/comments/16fo9m/dg/,,,True,nsfw,t5_2vik5,False,,,False,t3_16fo9m,http://i.imgur.com/AMI19.jpg,
1356506094.0,50,i.imgur.com,15gip1,Undressed,68,18,1,http://www.reddit.com/r/SkinnyWithAbs/comments/15gip1/undressed/,,,True,nsfw,t5_2vik5,False,,,False,t3_15gip1,http://i.imgur.com/XazCw.jpg,
1354559248.0,44,i.imgur.com,147mv0,Peace,59,15,0,http://www.reddit.com/r/SkinnyWithAbs/comments/147mv0/peace/,,,False,http://c.thumbs.redditmedia.com/GiISic-0uwmT5VHn.jpg,t5_2vik5,False,,,False,t3_147mv0,http://i.imgur.com/MjHkf.jpg,
1354559210.0,46,i.imgur.com,147mtg,Cheerleaders,62,16,4,http://www.reddit.com/r/SkinnyWithAbs/comments/147mtg/cheerleaders/,,,False,http://e.thumbs.redditmedia.com/lGKCHnx06nt_3d3d.jpg,t5_2vik5,False,,,False,t3_147mtg,http://i.imgur.com/8zKi2.jpg,
1356716908.0,46,i.imgur.com,15kxhc,Just pull it down already,57,11,0,http://www.reddit.com/r/SkinnyWithAbs/comments/15kxhc/just_pull_it_down_already/,,,True,nsfw,t5_2vik5,False,,,False,t3_15kxhc,http://i.imgur.com/ddqsv.png,
1356477742.0,50,i.imgur.com,15fv2i,Cold in blue,52,2,1,http://www.reddit.com/r/SkinnyWithAbs/comments/15fv2i/cold_in_blue/,,,False,http://e.thumbs.redditmedia.com/scJ3zQG5xx8GbB54.jpg,t5_2vik5,False,,,False,t3_15fv2i,http://i.imgur.com/29aAK.jpg,
1367118459.0,43,pretty-selfshot.tumblr.com,1d94b6,nice shot,61,18,1,http://www.reddit.com/r/SkinnyWithAbs/comments/1d94b6/nice_shot/,,,False,http://b.thumbs.redditmedia.com/SbfnwSCN3fyJADfa.jpg,t5_2vik5,False,,,False,t3_1d94b6,http://pretty-selfshot.tumblr.com/post/49059379320,
1357917883.0,42,thechive.com,16drna,"24 Pics of Skinny w/abs, not quite enough to become full Hardbodies IMO",51,9,7,http://www.reddit.com/r/SkinnyWithAbs/comments/16drna/24_pics_of_skinny_wabs_not_quite_enough_to_become/,,,False,http://a.thumbs.redditmedia.com/3sIhnhXvsixaFHrl.jpg,t5_2vik5,False,,,False,t3_16drna,http://thechive.com/2013/01/09/how-much-abs-is-too-much-abs-24-photos-2/?utm_source=feedburner&amp;utm_medium=feed&amp;utm_campaign=Feed%3A+feedburner%2FZdSV+%28theCHIVE%29,
1352474830.0,44,i.imgur.com,12wzde,Michelle Amara again,57,13,1,http://www.reddit.com/r/SkinnyWithAbs/comments/12wzde/michelle_amara_again/,,,True,nsfw,t5_2vik5,False,,,False,t3_12wzde,http://i.imgur.com/CpSX6.jpg,
1358960079.0,43,imageba.se,174op2,Happiness [x-post r/hardbodies],54,11,0,http://www.reddit.com/r/SkinnyWithAbs/comments/174op2/happiness_xpost_rhardbodies/,,,False,http://d.thumbs.redditmedia.com/If-5xc1sODcINiRE.jpg,t5_2vik5,False,,,False,t3_174op2,http://www.imageba.se/50ed75eb21915/#.UQAVQ2fMKCh,
1355605893.0,43,i.imgur.com,14wrvr,Meh,54,11,0,http://www.reddit.com/r/SkinnyWithAbs/comments/14wrvr/meh/,,,False,http://c.thumbs.redditmedia.com/IuUbweL1g4841iu2.jpg,t5_2vik5,False,,,False,t3_14wrvr,http://i.imgur.com/fQbMl.jpg,
1374920901.0,41,i.imgur.com,1j5kur,Exhausted,48,7,0,http://www.reddit.com/r/SkinnyWithAbs/comments/1j5kur/exhausted/,,,False,http://a.thumbs.redditmedia.com/HyMUU_T6_qCftdzH.jpg,t5_2vik5,False,,,False,t3_1j5kur,http://i.imgur.com/0KuJnX2.jpg,
1365808427.0,41,imageba.se,1c8lkk,Six Pack,63,22,0,http://www.reddit.com/r/SkinnyWithAbs/comments/1c8lkk/six_pack/,,,False,http://b.thumbs.redditmedia.com/OLYCdK_igPWbUGem.jpg,t5_2vik5,False,,,False,t3_1c8lkk,http://www.imageba.se/mq/#.UWiVHtcuefQ.reddit,
1356506126.0,45,i.imgur.com,15gipt,x marks the spot,57,12,0,http://www.reddit.com/r/SkinnyWithAbs/comments/15gipt/x_marks_the_spot/,,,False,http://a.thumbs.redditmedia.com/P33fdKOHbclSEiOf.jpg,t5_2vik5,False,,,False,t3_15gipt,http://i.imgur.com/LFoH3.jpg,
1356477273.0,45,i.imgur.com,15fuo5,gw,52,7,1,http://www.reddit.com/r/SkinnyWithAbs/comments/15fuo5/gw/,,,False,http://a.thumbs.redditmedia.com/lMzCd3-8LRvMgzmx.jpg,t5_2vik5,False,,,False,t3_15fuo5,http://i.imgur.com/Txbvd.jpg,
1352472346.0,41,i.imgur.com,12wx9c,Marissa Miller,49,8,1,http://www.reddit.com/r/SkinnyWithAbs/comments/12wx9c/marissa_miller/,,,False,http://b.thumbs.redditmedia.com/lwXM9tSUa-a7awUm.jpg,t5_2vik5,False,,,False,t3_12wx9c,http://i.imgur.com/z5sGb.jpg,
1363263747.0,42,i.imgur.com,1aa3nr,Abstagram,51,9,1,http://www.reddit.com/r/SkinnyWithAbs/comments/1aa3nr/abstagram/,,,False,http://d.thumbs.redditmedia.com/9gNGon2efT9PHf8u.jpg,t5_2vik5,False,,,False,t3_1aa3nr,http://i.imgur.com/ezZOL7Y.jpg,
1353976011.0,39,i.imgur.com,13ud1m,At the gym (x-post from real girls),51,12,0,http://www.reddit.com/r/SkinnyWithAbs/comments/13ud1m/at_the_gym_xpost_from_real_girls/,,,False,http://e.thumbs.redditmedia.com/bUnV7s8YZ_9p-49p.jpg,t5_2vik5,False,,,False,t3_13ud1m,http://i.imgur.com/OJqKp.jpg,
1352472312.0,39,i.imgur.com,12wx8c,Keira Knightley,50,11,2,http://www.reddit.com/r/SkinnyWithAbs/comments/12wx8c/keira_knightley/,,,False,http://d.thumbs.redditmedia.com/Es2Dyhk-Hx_dlsjQ.jpg,t5_2vik5,False,,,False,t3_12wx8c,http://i.imgur.com/gUz2A.jpg,
1355496131.0,43,i.imgur.com,14udxm,By the pool,45,2,1,http://www.reddit.com/r/SkinnyWithAbs/comments/14udxm/by_the_pool/,,,False,http://a.thumbs.redditmedia.com/bYba5AO3zswpQ4wf.jpg,t5_2vik5,False,,,False,t3_14udxm,http://i.imgur.com/gAO1U.jpg,
1361764429.0,39,i.imgur.com,1967je,Muay Thai fighter Julie Kitchen,61,22,7,http://www.reddit.com/r/SkinnyWithAbs/comments/1967je/muay_thai_fighter_julie_kitchen/,,,False,http://b.thumbs.redditmedia.com/NBQJJrmVdHceBFh1.jpg,t5_2vik5,False,,,False,t3_1967je,http://i.imgur.com/frQ9UM1.jpg,
1357648227.0,39,i.imgur.com,166i38,Working the legs (x-post from Hardbodies),48,9,2,http://www.reddit.com/r/SkinnyWithAbs/comments/166i38/working_the_legs_xpost_from_hardbodies/,,,False,http://e.thumbs.redditmedia.com/Ra4PTKflkcuxgk4v.jpg,t5_2vik5,False,,,False,t3_166i38,http://i.imgur.com/ar8oW.jpg,
1352901477.0,42,i.imgur.com,136ibl,EFG-chan,48,6,3,http://www.reddit.com/r/SkinnyWithAbs/comments/136ibl/efgchan/,,,False,http://b.thumbs.redditmedia.com/Ykx7tNA21noXI9VC.jpg,t5_2vik5,False,,,False,t3_136ibl,http://i.imgur.com/2nOQg.jpg,
1352474857.0,36,i.imgur.com,12wzeb,Just going to head out for a run,53,17,1,http://www.reddit.com/r/SkinnyWithAbs/comments/12wzeb/just_going_to_head_out_for_a_run/,,,False,http://b.thumbs.redditmedia.com/7_zHkn0FSZw5Hqbs.jpg,t5_2vik5,False,,,False,t3_12wzeb,http://i.imgur.com/TQeap.jpg,
1369057969.0,37,i.imgur.com,1eoyud,At the beach,56,19,0,http://www.reddit.com/r/SkinnyWithAbs/comments/1eoyud/at_the_beach/,,,False,http://a.thumbs.redditmedia.com/pwJj9CAs93ma7OEf.jpg,t5_2vik5,False,,,False,t3_1eoyud,http://i.imgur.com/RcwtvHQ.jpg,
1352859952.0,39,i.imgur.com,135q9k,Pink,45,6,1,http://www.reddit.com/r/SkinnyWithAbs/comments/135q9k/pink/,,,False,http://a.thumbs.redditmedia.com/b5rU8d-qIiwUZ3xN.jpg,t5_2vik5,False,,,False,t3_135q9k,http://i.imgur.com/Bj3pK.jpg,
1352858691.0,43,i.imgur.com,135otz,Mirror shot,45,2,0,http://www.reddit.com/r/SkinnyWithAbs/comments/135otz/mirror_shot/,,,False,http://d.thumbs.redditmedia.com/cRr0J_Yac-vgV2p-.jpg,t5_2vik5,False,,,False,t3_135otz,http://i.imgur.com/B8ndE.jpg,
1372989804.0,41,i.imgur.com,1ho2hb,I never realized how fit Kim Schifino is (x-post /r/MattAndKim),57,16,0,http://www.reddit.com/r/SkinnyWithAbs/comments/1ho2hb/i_never_realized_how_fit_kim_schifino_is_xpost/,,,False,http://a.thumbs.redditmedia.com/B758G2PwzyPKaXrl.jpg,t5_2vik5,False,,,False,t3_1ho2hb,http://i.imgur.com/At6YIDL.jpg,
1357973095.0,39,imgur.com,16fdxh,"Bodine Koehler, my body goal.",47,8,2,http://www.reddit.com/r/SkinnyWithAbs/comments/16fdxh/bodine_koehler_my_body_goal/,,,False,http://b.thumbs.redditmedia.com/_loDi0LkzpFEsqka.jpg,t5_2vik5,False,,,False,t3_16fdxh,http://imgur.com/w2T4K,
1356381641.0,38,imgur.com,15e11w,Yes.....yes I do,47,9,0,http://www.reddit.com/r/SkinnyWithAbs/comments/15e11w/yesyes_i_do/,,,False,http://a.thumbs.redditmedia.com/OlZJu9YKjctYsmgx.jpg,t5_2vik5,False,,,False,t3_15e11w,http://imgur.com/Qm9NC.jpg,
1355605995.0,35,i.imgur.com,14wryz,Runway,42,7,0,http://www.reddit.com/r/SkinnyWithAbs/comments/14wryz/runway/,,,False,http://c.thumbs.redditmedia.com/myZ2CY6y7-0NEZW2.jpg,t5_2vik5,False,,,False,t3_14wryz,http://i.imgur.com/EmkYP.jpg,
1355605946.0,37,i.imgur.com,14wrxb,It's ok let it fall down,43,6,0,http://www.reddit.com/r/SkinnyWithAbs/comments/14wrxb/its_ok_let_it_fall_down/,,,False,http://d.thumbs.redditmedia.com/LBCh-lnmFf6GmuYW.jpg,t5_2vik5,False,,,False,t3_14wrxb,http://i.imgur.com/zikvS.jpg,
1355605841.0,40,i.imgur.com,14wrtz,Tatted up,44,4,1,http://www.reddit.com/r/SkinnyWithAbs/comments/14wrtz/tatted_up/,,,False,http://f.thumbs.redditmedia.com/l8r3CxT6HdXkdc2q.jpg,t5_2vik5,False,,,False,t3_14wrtz,http://i.imgur.com/G4cMR.jpg,
1370028371.0,40,prowrestlingscoops.com,1ff76m,Nikki Bella from the WWE (x-post from /r/squaredcircle),45,5,0,http://www.reddit.com/r/SkinnyWithAbs/comments/1ff76m/nikki_bella_from_the_wwe_xpost_from_rsquaredcircle/,,,False,http://a.thumbs.redditmedia.com/Il57fjC6pQCuWBkZ.jpg,t5_2vik5,False,,,False,t3_1ff76m,http://www.prowrestlingscoops.com/wp-content/gallery/colemakeupraw/1.jpg,
1363264680.0,35,i.imgur.com,1aa4ak,Glasses,49,14,1,http://www.reddit.com/r/SkinnyWithAbs/comments/1aa4ak/glasses/,,,False,http://a.thumbs.redditmedia.com/gL-2pTstBBs8lhuN.jpg,t5_2vik5,False,,,False,t3_1aa4ak,http://i.imgur.com/3bPgbvX.jpg,
1363798831.0,35,youtube.com,1ao82p,I watch her videos for... inspiration on my workout routines!,41,6,8,http://www.reddit.com/r/SkinnyWithAbs/comments/1ao82p/i_watch_her_videos_for_inspiration_on_my_workout/,,,False,default,t5_2vik5,False,,,False,t3_1ao82p,http://www.youtube.com/watch?v=zKh9QGAoCUw,
1363281624.0,39,i.imgur.com,1aam9e,In the attic,45,6,0,http://www.reddit.com/r/SkinnyWithAbs/comments/1aam9e/in_the_attic/,,,False,http://e.thumbs.redditmedia.com/KBmOZp3epeq86-Vv.jpg,t5_2vik5,False,,,False,t3_1aam9e,http://i.imgur.com/KUMLkyL.jpg,
1357004371.0,33,i.imgur.com,15r4hw,Dirty Girls,44,11,0,http://www.reddit.com/r/SkinnyWithAbs/comments/15r4hw/dirty_girls/,,,False,http://d.thumbs.redditmedia.com/goVw1CNa1n_CaDki.jpg,t5_2vik5,False,,,False,t3_15r4hw,http://i.imgur.com/I4gCU.jpg,
1352474781.0,37,i.imgur.com,12wzbn,Amateur abs,42,5,0,http://www.reddit.com/r/SkinnyWithAbs/comments/12wzbn/amateur_abs/,,,False,http://e.thumbs.redditmedia.com/FUc4xSUdR2JNZCY4.jpg,t5_2vik5,False,,,False,t3_12wzbn,http://i.imgur.com/jMjRr.jpg,
1357129297.0,32,i.imgur.com,15tmtp,Very flexible (x-post from nsfw),52,20,1,http://www.reddit.com/r/SkinnyWithAbs/comments/15tmtp/very_flexible_xpost_from_nsfw/,,,True,nsfw,t5_2vik5,False,,,False,t3_15tmtp,http://i.imgur.com/hHTWZ.jpg,
1352474796.0,37,i.imgur.com,12wzc4,Tight tights and tight abs,43,6,0,http://www.reddit.com/r/SkinnyWithAbs/comments/12wzc4/tight_tights_and_tight_abs/,,,False,http://f.thumbs.redditmedia.com/c56RIvr7O_KptCa_.jpg,t5_2vik5,False,,,False,t3_12wzc4,http://i.imgur.com/2KLbu.jpg,
1352902238.0,34,i.imgur.com,136ium,Camo skirt,38,4,0,http://www.reddit.com/r/SkinnyWithAbs/comments/136ium/camo_skirt/,,,False,http://a.thumbs.redditmedia.com/D-PxMMmiEdJXn31f.jpg,t5_2vik5,False,,,False,t3_136ium,http://i.imgur.com/3DSF8.jpg,
1352864086.0,30,i.imgur.com,135uxz,Instagram,35,5,0,http://www.reddit.com/r/SkinnyWithAbs/comments/135uxz/instagram/,,,False,http://f.thumbs.redditmedia.com/lJDlSv7k26KRz7zA.jpg,t5_2vik5,False,,,False,t3_135uxz,http://i.imgur.com/RJ3tC.jpg,
1352858811.0,34,i.imgur.com,135oyd,Purple Shorts,44,10,0,http://www.reddit.com/r/SkinnyWithAbs/comments/135oyd/purple_shorts/,,,False,http://f.thumbs.redditmedia.com/V_MvfKPLIqwbz9yM.jpg,t5_2vik5,False,,,False,t3_135oyd,http://i.imgur.com/k9ziC.jpg,
1352505791.0,35,i.imgur.com,12xvcc,Stacy Keibler,43,8,0,http://www.reddit.com/r/SkinnyWithAbs/comments/12xvcc/stacy_keibler/,,,False,http://c.thumbs.redditmedia.com/cD6UmtNlqwkZGykb.jpg,t5_2vik5,False,,,False,t3_12xvcc,http://i.imgur.com/4fw9a.jpg,
1352504960.0,31,i.imgur.com,12xukd,Audrina Patridge,44,13,0,http://www.reddit.com/r/SkinnyWithAbs/comments/12xukd/audrina_patridge/,,,False,http://c.thumbs.redditmedia.com/NAnzEMyCWd9nkS5h.jpg,t5_2vik5,False,,,False,t3_12xukd,http://i.imgur.com/Zz4Qt.jpg,
1352474722.0,35,i.imgur.com,12wz9v,Black Lace,38,3,0,http://www.reddit.com/r/SkinnyWithAbs/comments/12wz9v/black_lace/,,,False,http://a.thumbs.redditmedia.com/DGmYiHH_ZISBG2QN.jpg,t5_2vik5,False,,,False,t3_12wz9v,http://i.imgur.com/Fyf9X.jpg,
1363263924.0,35,i.imgur.com,1aa3sa,Handbra,43,8,0,http://www.reddit.com/r/SkinnyWithAbs/comments/1aa3sa/handbra/,,,True,nsfw,t5_2vik5,False,,,False,t3_1aa3sa,http://i.imgur.com/bPuiUie.jpg,
1357129242.0,29,i.imgur.com,15tmss,Skinny but nice abs (x-post from nsfw),48,19,2,http://www.reddit.com/r/SkinnyWithAbs/comments/15tmss/skinny_but_nice_abs_xpost_from_nsfw/,,,True,nsfw,t5_2vik5,False,,,False,t3_15tmss,http://i.imgur.com/tZDr5.jpg,
1355416150.0,35,static.wix.com,14sha6,Is this subreddit dead?,39,4,6,http://www.reddit.com/r/SkinnyWithAbs/comments/14sha6/is_this_subreddit_dead/,,,False,http://a.thumbs.redditmedia.com/Zonj7aqe5TSiYuy0.jpg,t5_2vik5,False,,,False,t3_14sha6,http://static.wix.com/media/65087363bbaad39a18010e12ea04b31b.wix_mp_srb_10000_1650_75_22_0.50_0.20_0.00_wix_mp_srb?rif=0,
1352920891.0,31,i.imgur.com,1371r9,Doutzen Kroes,38,7,0,http://www.reddit.com/r/SkinnyWithAbs/comments/1371r9/doutzen_kroes/,,,False,http://a.thumbs.redditmedia.com/px5A8gkXMMZECfhr.jpg,t5_2vik5,False,,,False,t3_1371r9,http://i.imgur.com/cB1iK.jpg,
1376069235.0,30,imageba.se,1k1cr7,Happy with ABS,39,9,0,http://www.reddit.com/r/SkinnyWithAbs/comments/1k1cr7/happy_with_abs/,,,False,http://d.thumbs.redditmedia.com/ouAlTjhMlndLv6JE.jpg,t5_2vik5,False,,,False,t3_1k1cr7,http://www.imageba.se/kv#YSxFd8cUs9hk5XtJ.16,
1356877967.0,29,i.imgur.com,15o9j7,Those eyes make coming up with a good title impossible,34,5,4,http://www.reddit.com/r/SkinnyWithAbs/comments/15o9j7/those_eyes_make_coming_up_with_a_good_title/,,,False,default,t5_2vik5,False,,,False,t3_15o9j7,http://i.imgur.com/kIsOB.jpg,
1356877223.0,31,i.imgur.com,15o971,Stretching on the carpet. For diversity's sake!,43,12,2,http://www.reddit.com/r/SkinnyWithAbs/comments/15o971/stretching_on_the_carpet_for_diversitys_sake/,,,True,nsfw,t5_2vik5,False,,,False,t3_15o971,http://i.imgur.com/wRVcl.jpg,
1354386274.0,30,i.imgur.com,14411t,American gladiators?,41,11,1,http://www.reddit.com/r/SkinnyWithAbs/comments/14411t/american_gladiators/,,,False,http://b.thumbs.redditmedia.com/lae6f5h3MFYFGKVU.jpg,t5_2vik5,False,,,False,t3_14411t,http://i.imgur.com/qN4ea.jpg,
1352472400.0,35,i.imgur.com,12wxb0,Unknown Hotty,44,9,3,http://www.reddit.com/r/SkinnyWithAbs/comments/12wxb0/unknown_hotty/,,,False,http://d.thumbs.redditmedia.com/r1RgAq3IFO_sR7Uu.jpg,t5_2vik5,False,,,False,t3_12wxb0,http://i.imgur.com/fx18R.jpg,
1355496107.0,32,i.imgur.com,14udwz,Mirror shot,37,5,0,http://www.reddit.com/r/SkinnyWithAbs/comments/14udwz/mirror_shot/,,,False,http://d.thumbs.redditmedia.com/h6P2iihkE3OetsDQ.jpg,t5_2vik5,False,,,False,t3_14udwz,http://i.imgur.com/W6BeV.jpg,
1354138193.0,26,i.imgur.com,13yefd,Tanlines and underboob,38,12,1,http://www.reddit.com/r/SkinnyWithAbs/comments/13yefd/tanlines_and_underboob/,,,False,http://e.thumbs.redditmedia.com/PjRxCBO4vChKCm2L.jpg,t5_2vik5,False,,,False,t3_13yefd,http://i.imgur.com/fX4RU.jpg,
1374424843.0,27,i.imgur.com,1ir8km,Green Bra,47,20,3,http://www.reddit.com/r/SkinnyWithAbs/comments/1ir8km/green_bra/,,,True,nsfw,t5_2vik5,False,,,False,t3_1ir8km,http://i.imgur.com/4EBXKdV.jpg,
1356941386.0,30,i.imgur.com,15psa8,Green Tank Top,34,4,0,http://www.reddit.com/r/SkinnyWithAbs/comments/15psa8/green_tank_top/,,,False,http://b.thumbs.redditmedia.com/E3uo1SjaD8LUYVpC.jpg,t5_2vik5,False,,,False,t3_15psa8,http://i.imgur.com/g1AmC.jpg,
1352951823.0,27,i.imgur.com,13800o,Aware,36,9,0,http://www.reddit.com/r/SkinnyWithAbs/comments/13800o/aware/,,,False,http://d.thumbs.redditmedia.com/12xh5WgBXgsfnc2u.jpg,t5_2vik5,False,,,False,t3_13800o,http://i.imgur.com/u7rN4.jpg,
1360944261.0,25,i.imgur.com,18l2s2,Showin' off her goods,31,6,0,http://www.reddit.com/r/SkinnyWithAbs/comments/18l2s2/showin_off_her_goods/,,,False,http://c.thumbs.redditmedia.com/uzzXD7OFAoB3dOKn.jpg,t5_2vik5,False,,,False,t3_18l2s2,http://i.imgur.com/uJgMPfS.jpg,
1362111630.0,27,i.imgur.com,19fzqe,Track,41,14,0,http://www.reddit.com/r/SkinnyWithAbs/comments/19fzqe/track/,,,False,http://e.thumbs.redditmedia.com/SBYmD0_PZcu-Rc2p.jpg,t5_2vik5,False,,,False,t3_19fzqe,http://i.imgur.com/g49zixg.jpg,
1360961471.0,25,i.imgur.com,18lme4,Great smile,33,8,0,http://www.reddit.com/r/SkinnyWithAbs/comments/18lme4/great_smile/,,,False,http://d.thumbs.redditmedia.com/Z1LWvqNNSAzR1YLE.jpg,t5_2vik5,False,,,False,t3_18lme4,http://i.imgur.com/8YYqIGw.jpg,
1360956210.0,27,i.imgur.com,18lg8g,Beautiful blonde,33,6,0,http://www.reddit.com/r/SkinnyWithAbs/comments/18lg8g/beautiful_blonde/,,,False,http://e.thumbs.redditmedia.com/9rot_kMFXQiJNeYd.jpg,t5_2vik5,False,,,False,t3_18lg8g,http://i.imgur.com/IGxNccO.jpg,
1352863977.0,25,i.imgur.com,135utb,Tanning,30,5,0,http://www.reddit.com/r/SkinnyWithAbs/comments/135utb/tanning/,,,False,http://e.thumbs.redditmedia.com/8Nl-NWsWB5ttgsk4.jpg,t5_2vik5,False,,,False,t3_135utb,http://i.imgur.com/0wjYk.jpg,
1375393910.0,26,sneakhype.com,1jiv27,Yana Yatskovskaya,30,4,1,http://www.reddit.com/r/SkinnyWithAbs/comments/1jiv27/yana_yatskovskaya/,,,False,http://d.thumbs.redditmedia.com/UrGTTxjCh463V6ri.jpg,t5_2vik5,False,,,False,t3_1jiv27,http://sneakhype.com/chicas/2013/02/featured-hottie-yana-yatskovskaya-38-pics.html,
1360951528.0,25,i.imgur.com,18lapl,Pink iphone. ,35,10,1,http://www.reddit.com/r/SkinnyWithAbs/comments/18lapl/pink_iphone/,,,False,http://d.thumbs.redditmedia.com/jWv1kEmc5gQK1iGc.jpg,t5_2vik5,False,,,False,t3_18lapl,http://i.imgur.com/WNA9C4M.jpg,
1356506248.0,23,i.imgur.com,15gisu,Prepare your anus,44,21,5,http://www.reddit.com/r/SkinnyWithAbs/comments/15gisu/prepare_your_anus/,,,True,nsfw,t5_2vik5,False,,,False,t3_15gisu,http://i.imgur.com/sFC6G.jpg,
1354134005.0,24,i.imgur.com,13y9dw,Pink,33,9,0,http://www.reddit.com/r/SkinnyWithAbs/comments/13y9dw/pink/,,,False,http://f.thumbs.redditmedia.com/G3Evm-MXvNOVeslY.jpg,t5_2vik5,False,,,False,t3_13y9dw,http://i.imgur.com/C5E9r.jpg,
1352864003.0,23,i.imgur.com,135uuc,Bra and Panties,32,9,0,http://www.reddit.com/r/SkinnyWithAbs/comments/135uuc/bra_and_panties/,,,False,http://c.thumbs.redditmedia.com/99569VqNr6MypQWJ.jpg,t5_2vik5,False,,,False,t3_135uuc,http://i.imgur.com/Wjfkk.jpg,
1352475646.0,24,i.imgur.com,12x04r,Perfect,34,10,0,http://www.reddit.com/r/SkinnyWithAbs/comments/12x04r/perfect/,,,False,http://a.thumbs.redditmedia.com/1FHKUD8pgEwOeJLT.jpg,t5_2vik5,False,,,False,t3_12x04r,http://i.imgur.com/Q0NPu.jpg,
1374443102.0,25,imgur.com,1irspk,I think that she qualifies.,35,10,0,http://www.reddit.com/r/SkinnyWithAbs/comments/1irspk/i_think_that_she_qualifies/,,,False,http://e.thumbs.redditmedia.com/t0-KukzigEEqFoOF.jpg,t5_2vik5,False,,,False,t3_1irspk,http://imgur.com/U97u4Do,
1354512701.0,23,i.imgur.com,146qjt,Trying on bikinis,40,17,1,http://www.reddit.com/r/SkinnyWithAbs/comments/146qjt/trying_on_bikinis/,,,False,http://f.thumbs.redditmedia.com/j3szFP64DX9te7ES.jpg,t5_2vik5,False,,,False,t3_146qjt,http://i.imgur.com/LOFuH.jpg,
1375455840.0,21,vimeo.com,1jkfjb,Lets Ride by Said Energizer,31,10,2,http://www.reddit.com/r/SkinnyWithAbs/comments/1jkfjb/lets_ride_by_said_energizer/,,,True,nsfw,t5_2vik5,False,,,False,t3_1jkfjb,http://vimeo.com/70481852,
1357447288.0,22,i.imgur.com,161n50,gw,53,31,0,http://www.reddit.com/r/SkinnyWithAbs/comments/161n50/gw/,,,True,nsfw,t5_2vik5,False,,,False,t3_161n50,http://i.imgur.com/KGoxN.jpg,
1354129763.0,22,i.imgur.com,13y4bj,Who do you choose?,28,6,6,http://www.reddit.com/r/SkinnyWithAbs/comments/13y4bj/who_do_you_choose/,,,False,http://c.thumbs.redditmedia.com/qPgUdBOuhnxnDeLh.jpg,t5_2vik5,False,,,False,t3_13y4bj,http://i.imgur.com/vTNoz.jpg,
1353715160.0,22,i.imgur.com,13ov71,Redhead,33,11,0,http://www.reddit.com/r/SkinnyWithAbs/comments/13ov71/redhead/,,,True,nsfw,t5_2vik5,False,,,False,t3_13ov71,http://i.imgur.com/yt8qZ.jpg,
1360955621.0,22,i.imgur.com,18lfjy,Purple top ,23,1,0,http://www.reddit.com/r/SkinnyWithAbs/comments/18lfjy/purple_top/,,,False,http://a.thumbs.redditmedia.com/uGU3yWwxITk8Iwzf.jpg,t5_2vik5,False,,,False,t3_18lfjy,http://i.imgur.com/kSxP6KH.jpg,
1360941088.0,20,i.imgur.com,18kzur,Working out in a stable,24,4,0,http://www.reddit.com/r/SkinnyWithAbs/comments/18kzur/working_out_in_a_stable/,,,False,http://d.thumbs.redditmedia.com/MnS9SoMMyzCUiHji.jpg,t5_2vik5,False,,,False,t3_18kzur,http://i.imgur.com/kY3EAJ1.jpg,
1356505990.0,20,i.imgur.com,15gims,About to poop,34,14,5,http://www.reddit.com/r/SkinnyWithAbs/comments/15gims/about_to_poop/,,,False,http://f.thumbs.redditmedia.com/Jvl9xZMCI_eELhqw.jpg,t5_2vik5,False,,,False,t3_15gims,http://i.imgur.com/e4cXQ.jpg,
1352859981.0,23,i.imgur.com,135qaq,Locker room,30,7,0,http://www.reddit.com/r/SkinnyWithAbs/comments/135qaq/locker_room/,,,False,http://f.thumbs.redditmedia.com/0wut12wMxOmnpeJe.jpg,t5_2vik5,False,,,False,t3_135qaq,http://i.imgur.com/XTU5u.jpg,
1365122262.0,23,annecit.tumblr.com,1bp8pe,Typical ab selfie,46,23,0,http://www.reddit.com/r/SkinnyWithAbs/comments/1bp8pe/typical_ab_selfie/,,,False,http://e.thumbs.redditmedia.com/sL7nOUTBArh0xy0d.jpg,t5_2vik5,False,,,False,t3_1bp8pe,http://annecit.tumblr.com/post/43801397703/gonna-get-my-abs-on-lock-fitness-friday-for-annie,
1355458708.0,20,i.imgur.com,14trgd,Pink bikini,25,5,0,http://www.reddit.com/r/SkinnyWithAbs/comments/14trgd/pink_bikini/,,,False,http://d.thumbs.redditmedia.com/duBOvV9K5aW5VUR9.jpg,t5_2vik5,False,,,False,t3_14trgd,http://i.imgur.com/SiydA.jpg,
1356941426.0,18,i.imgur.com,15psax,Hello Kitty,25,7,0,http://www.reddit.com/r/SkinnyWithAbs/comments/15psax/hello_kitty/,,,False,http://c.thumbs.redditmedia.com/u_uy87F1BGrJ2not.jpg,t5_2vik5,False,,,False,t3_15psax,http://i.imgur.com/Ju5FF.jpg,
1355496328.0,19,i.imgur.com,14ue3e,Underboob,32,13,1,http://www.reddit.com/r/SkinnyWithAbs/comments/14ue3e/underboob/,,,False,http://f.thumbs.redditmedia.com/0oW5Ks5ltqwPXVfY.jpg,t5_2vik5,False,,,False,t3_14ue3e,http://i.imgur.com/kBFEh.jpg,
1354314317.0,17,i.imgur.com,142osf,Love the V,30,13,0,http://www.reddit.com/r/SkinnyWithAbs/comments/142osf/love_the_v/,,,False,http://e.thumbs.redditmedia.com/ds_hpLnB6DCnPREp.jpg,t5_2vik5,False,,,False,t3_142osf,http://i.imgur.com/iALDT.jpg,
1357995325.0,15,followgram.me,16fo74,Nikki@littlemissnutrion,22,7,0,http://www.reddit.com/r/SkinnyWithAbs/comments/16fo74/nikkilittlemissnutrion/,,,False,http://d.thumbs.redditmedia.com/Jg1qkREsiFX8s0AE.jpg,t5_2vik5,False,,,False,t3_16fo74,http://followgram.me/i/333544435238256865_221388023,
1360930268.0,18,i.imgur.com,18ksxr,Showing off,22,4,1,http://www.reddit.com/r/SkinnyWithAbs/comments/18ksxr/showing_off/,,,False,http://c.thumbs.redditmedia.com/Gyese4uUzGz8uJht.jpg,t5_2vik5,False,,,False,t3_18ksxr,http://i.imgur.com/2VobLtS.jpg,
1357178500.0,15,i.imgur.com,15v1jm,Tattoos in black and white. [x-post from /r/nude],23,8,3,http://www.reddit.com/r/SkinnyWithAbs/comments/15v1jm/tattoos_in_black_and_white_xpost_from_rnude/,,,True,nsfw,t5_2vik5,False,,,False,t3_15v1jm,http://i.imgur.com/bk7GH.jpg,
1356717091.0,15,self.SkinnyWithAbs,15kxo5,This subreddit needs more contributers!!,24,9,2,http://www.reddit.com/r/SkinnyWithAbs/comments/15kxo5/this_subreddit_needs_more_contributers/,"My new years resolution for this year is to waste less time on the internet.  I've already been trying to do that and it hasn't been working too well the last few weeks but January 1st I'm getting serious about it.

I'll try to post as much as I can until then but there won't be any from me after that.

Plenty of stuff in gonewild, on tumblr (thinspo blogs etc) so find some and post it!",,False,self,t5_2vik5,1356755051.0,,,True,t3_15kxo5,http://www.reddit.com/r/SkinnyWithAbs/comments/15kxo5/this_subreddit_needs_more_contributers/,
1354389237.0,15,i.imgur.com,1443qg,Boxing,30,15,0,http://www.reddit.com/r/SkinnyWithAbs/comments/1443qg/boxing/,,,False,http://c.thumbs.redditmedia.com/8VnxDKnnsfcmWk5J.jpg,t5_2vik5,False,,,False,t3_1443qg,http://i.imgur.com/VRbo2.jpg,
1363281701.0,16,i.imgur.com,1aamcf,iPhone,25,9,0,http://www.reddit.com/r/SkinnyWithAbs/comments/1aamcf/iphone/,,,False,http://e.thumbs.redditmedia.com/TDJ3AMAay63A4gvv.jpg,t5_2vik5,False,,,False,t3_1aamcf,http://i.imgur.com/0lzYxuZ.jpg,
1356322813.0,12,imgur.com,15cwkr,Faster than a speeding bullet...,17,5,0,http://www.reddit.com/r/SkinnyWithAbs/comments/15cwkr/faster_than_a_speeding_bullet/,,,False,http://c.thumbs.redditmedia.com/2zUWnBrpvfLekjv2.jpg,t5_2vik5,False,,,False,t3_15cwkr,http://imgur.com/F6MSb,
1354389081.0,13,i.imgur.com,1443lo,Elisabetta Canalis,20,7,0,http://www.reddit.com/r/SkinnyWithAbs/comments/1443lo/elisabetta_canalis/,,,False,http://e.thumbs.redditmedia.com/M2MkCm510fV5_PfL.jpg,t5_2vik5,False,,,False,t3_1443lo,http://i.imgur.com/ZdWEm.jpg,
1376095263.0,13,i.imgur.com,1k298v,Georganne Moline,18,5,0,http://www.reddit.com/r/SkinnyWithAbs/comments/1k298v/georganne_moline/,,,False,http://a.thumbs.redditmedia.com/iyoc4YEb4x18xxC0.jpg,t5_2vik5,False,,,False,t3_1k298v,http://i.imgur.com/Y86OamJ.jpg,
1353697121.0,12,picsarus.com,13oene,Killer selfshot body (x-post from /r/realgirls),15,3,0,http://www.reddit.com/r/SkinnyWithAbs/comments/13oene/killer_selfshot_body_xpost_from_rrealgirls/,,,True,nsfw,t5_2vik5,False,,,False,t3_13oene,http://www.picsarus.com/3ZFULC.jpg,
1360939510.0,12,i.imgur.com,18kyly,That's a great bikini body,19,7,0,http://www.reddit.com/r/SkinnyWithAbs/comments/18kyly/thats_a_great_bikini_body/,,,False,http://e.thumbs.redditmedia.com/JxcD4L2iACr7tItF.jpg,t5_2vik5,False,,,False,t3_18kyly,http://i.imgur.com/sobwhvg.jpg,
1352863947.0,11,i.imgur.com,135usb,Boxers,20,9,0,http://www.reddit.com/r/SkinnyWithAbs/comments/135usb/boxers/,,,False,http://e.thumbs.redditmedia.com/i3K5WGvZ3RP1Jtij.jpg,t5_2vik5,False,,,False,t3_135usb,http://i.imgur.com/SEpd3.jpg,
1376796884.0,10,imgur.com,1kl5us,Cassie's abs (album),43,33,3,http://www.reddit.com/r/SkinnyWithAbs/comments/1kl5us/cassies_abs_album/,,,False,http://b.thumbs.redditmedia.com/aZdX-Hs3IlZNZIqa.jpg,t5_2vik5,False,,,False,t3_1kl5us,http://imgur.com/a/PvtEp,
1354399003.0,8,buffyshot.tumblr.com,144d6e,Hot Tubbin,9,1,0,http://www.reddit.com/r/SkinnyWithAbs/comments/144d6e/hot_tubbin/,,,False,http://a.thumbs.redditmedia.com/xvymzeQQeZSxdOtx.jpg,t5_2vik5,False,,,False,t3_144d6e,http://buffyshot.tumblr.com/post/36938573176/x3megannn-hottub,
1355600026.0,8,i.imgur.com,14wmfj,"Beautiful clock, I dare you to notice it first.  (x-post from r/NSFW)
So hot though.",12,4,0,http://www.reddit.com/r/SkinnyWithAbs/comments/14wmfj/beautiful_clock_i_dare_you_to_notice_it_first/,,,True,nsfw,t5_2vik5,False,,,False,t3_14wmfj,http://i.imgur.com/kV8Y1.jpg,
1375396350.0,4,i.imgur.com,1jiy5n,Stationary bike,19,15,0,http://www.reddit.com/r/SkinnyWithAbs/comments/1jiy5n/stationary_bike/,,,False,http://c.thumbs.redditmedia.com/HZhW7NbAIX2h9s1D.jpg,t5_2vik5,False,,,False,t3_1jiy5n,http://i.imgur.com/yezbBrS.jpg,
1362933499.0,3,self.SkinnyWithAbs,1a11dz,I don't know if this has been said before but I am looking for the names of some of the girls in the top banner...,8,5,0,http://www.reddit.com/r/SkinnyWithAbs/comments/1a11dz/i_dont_know_if_this_has_been_said_before_but_i_am/,"From left to right #'s 1, 2, 3, 5, 6, and 8.  Sorry if these have been said before.  Thanks in advance.",,False,self,t5_2vik5,False,,,True,t3_1a11dz,http://www.reddit.com/r/SkinnyWithAbs/comments/1a11dz/i_dont_know_if_this_has_been_said_before_but_i_am/,
1355530274.0,3,i.imgur.com,14vcex,Tattoo teen,9,6,0,http://www.reddit.com/r/SkinnyWithAbs/comments/14vcex/tattoo_teen/,,,False,http://b.thumbs.redditmedia.com/FnZ30FrM7aUq7wTC.jpg,t5_2vik5,False,,,False,t3_14vcex,http://i.imgur.com/AQk9j.jpg,
1360855273.0,1,fc05.deviantart.net,18imrw,fresh squeezed,11,10,0,http://www.reddit.com/r/SkinnyWithAbs/comments/18imrw/fresh_squeezed/,,,True,nsfw,t5_2vik5,False,,,False,t3_18imrw,http://fc05.deviantart.net/fs71/i/2012/084/5/5/fresh_squeezed_by_gordo99-d4twb05.jpg,
1354540626.0,0,imgur.com,1475pe,Xpost drom /r/dexter,8,8,0,http://www.reddit.com/r/SkinnyWithAbs/comments/1475pe/xpost_drom_rdexter/,,,False,http://b.thumbs.redditmedia.com/phkXc0VOITEi9O9O.jpg,t5_2vik5,False,,,False,t3_1475pe,http://imgur.com/SJRy0,
1364518363.0,0,i.imgur.com,1b7oy4,Union Jack,8,10,2,http://www.reddit.com/r/SkinnyWithAbs/comments/1b7oy4/union_jack/,,,False,http://c.thumbs.redditmedia.com/F4Sl376jPrugUmq2.jpg,t5_2vik5,False,,,False,t3_1b7oy4,http://i.imgur.com/XlP5VsR.jpg,
1363477042.0,0,i.imgur.com,1afov9,I want one,13,14,0,http://www.reddit.com/r/SkinnyWithAbs/comments/1afov9/i_want_one/,,,False,http://e.thumbs.redditmedia.com/yQrZhG1ONx66j9kF.jpg,t5_2vik5,False,,,False,t3_1afov9,http://i.imgur.com/bKYkjC5.jpg,
1375601363.0,0,i.imgur.com,1jo64g,daisy dukes,4,7,1,http://www.reddit.com/r/SkinnyWithAbs/comments/1jo64g/daisy_dukes/,,,False,default,t5_2vik5,False,,,False,t3_1jo64g,http://i.imgur.com/evAYf4N.jpg?1,
1357554124.0,0,i.imgur.com,16446k,Award Winners,5,10,4,http://www.reddit.com/r/SkinnyWithAbs/comments/16446k/award_winners/,,,False,http://b.thumbs.redditmedia.com/vH6STrK7e_4iLpHg.jpg,t5_2vik5,False,,,False,t3_16446k,http://i.imgur.com/69Dku.jpg,
